Program,Year,Period,Week Ending,Geo Level,State,State ANSI,Ag District,Ag District Code,County,County ANSI,Zip Code,Region,watershed_code,Watershed,Commodity,Data Item,Domain,Domain Category,Value,CV (%)
SURVEY,2006,YEAR,,COUNTY,TEXAS,48,BLACKLANDS,40,COLLIN,85,,,0,,SOYBEANS,SOYBEANS - ACRES HARVESTED,TOTAL,NOT SPECIFIED,400,
SURVEY,2005,YEAR,,COUNTY,TEXAS,48,BLACKLANDS,40,COLLIN,85,,,0,,SOYBEANS,SOYBEANS - ACRES HARVESTED,TOTAL,NOT SPECIFIED,"1,000",
SURVEY,2004,YEAR,,COUNTY,TEXAS,48,BLACKLANDS,40,COLLIN,85,,,0,,SOYBEANS,SOYBEANS - ACRES HARVESTED,TOTAL,NOT SPECIFIED,"1,100",
SURVEY,2002,YEAR,,COUNTY,TEXAS,48,BLACKLANDS,40,COLLIN,85,,,0,,SOYBEANS,SOYBEANS - ACRES HARVESTED,TOTAL,NOT SPECIFIED,"1,200",
SURVEY,2001,YEAR,,COUNTY,TEXAS,48,BLACKLANDS,40,COLLIN,85,,,0,,SOYBEANS,SOYBEANS - ACRES HARVESTED,TOTAL,NOT SPECIFIED,"3,600",
SURVEY,2000,YEAR,,COUNTY,TEXAS,48,BLACKLANDS,40,COLLIN,85,,,0,,SOYBEANS,SOYBEANS - ACRES HARVESTED,TOTAL,NOT SPECIFIED,"1,600",
SURVEY,1999,YEAR,,COUNTY,TEXAS,48,BLACKLANDS,40,COLLIN,85,,,0,,SOYBEANS,SOYBEANS - ACRES HARVESTED,TOTAL,NOT SPECIFIED,600,
SURVEY,1998,YEAR,,COUNTY,TEXAS,48,BLACKLANDS,40,COLLIN,85,,,0,,SOYBEANS,SOYBEANS - ACRES HARVESTED,TOTAL,NOT SPECIFIED,700,
SURVEY,1997,YEAR,,COUNTY,TEXAS,48,BLACKLANDS,40,COLLIN,85,,,0,,SOYBEANS,SOYBEANS - ACRES HARVESTED,TOTAL,NOT SPECIFIED,"2,600",
SURVEY,1996,YEAR,,COUNTY,TEXAS,48,BLACKLANDS,40,COLLIN,85,,,0,,SOYBEANS,SOYBEANS - ACRES HARVESTED,TOTAL,NOT SPECIFIED,"2,000",
SURVEY,1995,YEAR,,COUNTY,TEXAS,48,BLACKLANDS,40,COLLIN,85,,,0,,SOYBEANS,SOYBEANS - ACRES HARVESTED,TOTAL,NOT SPECIFIED,"1,300",
SURVEY,2006,YEAR,,COUNTY,TEXAS,48,BLACKLANDS,40,COLLIN,85,,,0,,SOYBEANS,SOYBEANS - ACRES PLANTED,TOTAL,NOT SPECIFIED,"1,200",
SURVEY,2005,YEAR,,COUNTY,TEXAS,48,BLACKLANDS,40,COLLIN,85,,,0,,SOYBEANS,SOYBEANS - ACRES PLANTED,TOTAL,NOT SPECIFIED,"1,100",
SURVEY,2004,YEAR,,COUNTY,TEXAS,48,BLACKLANDS,40,COLLIN,85,,,0,,SOYBEANS,SOYBEANS - ACRES PLANTED,TOTAL,NOT SPECIFIED,"1,200",
SURVEY,2002,YEAR,,COUNTY,TEXAS,48,BLACKLANDS,40,COLLIN,85,,,0,,SOYBEANS,SOYBEANS - ACRES PLANTED,TOTAL,NOT SPECIFIED,"1,700",
SURVEY,2001,YEAR,,COUNTY,TEXAS,48,BLACKLANDS,40,COLLIN,85,,,0,,SOYBEANS,SOYBEANS - ACRES PLANTED,TOTAL,NOT SPECIFIED,"5,400",
SURVEY,2000,YEAR,,COUNTY,TEXAS,48,BLACKLANDS,40,COLLIN,85,,,0,,SOYBEANS,SOYBEANS - ACRES PLANTED,TOTAL,NOT SPECIFIED,"1,700",
SURVEY,1999,YEAR,,COUNTY,TEXAS,48,BLACKLANDS,40,COLLIN,85,,,0,,SOYBEANS,SOYBEANS - ACRES PLANTED,TOTAL,NOT SPECIFIED,"1,500",
SURVEY,1998,YEAR,,COUNTY,TEXAS,48,BLACKLANDS,40,COLLIN,85,,,0,,SOYBEANS,SOYBEANS - ACRES PLANTED,TOTAL,NOT SPECIFIED,"5,200",
SURVEY,1997,YEAR,,COUNTY,TEXAS,48,BLACKLANDS,40,COLLIN,85,,,0,,SOYBEANS,SOYBEANS - ACRES PLANTED,TOTAL,NOT SPECIFIED,"2,700",
SURVEY,1996,YEAR,,COUNTY,TEXAS,48,BLACKLANDS,40,COLLIN,85,,,0,,SOYBEANS,SOYBEANS - ACRES PLANTED,TOTAL,NOT SPECIFIED,"2,100",
SURVEY,1995,YEAR,,COUNTY,TEXAS,48,BLACKLANDS,40,COLLIN,85,,,0,,SOYBEANS,SOYBEANS - ACRES PLANTED,TOTAL,NOT SPECIFIED,"1,500",
SURVEY,2006,YEAR,,COUNTY,TEXAS,48,BLACKLANDS,40,COLLIN,85,,,0,,SOYBEANS,"SOYBEANS - PRODUCTION, MEASURED IN BU",TOTAL,NOT SPECIFIED,"2,000",
SURVEY,2005,YEAR,,COUNTY,TEXAS,48,BLACKLANDS,40,COLLIN,85,,,0,,SOYBEANS,"SOYBEANS - PRODUCTION, MEASURED IN BU",TOTAL,NOT SPECIFIED,"12,000",
SURVEY,2004,YEAR,,COUNTY,TEXAS,48,BLACKLANDS,40,COLLIN,85,,,0,,SOYBEANS,"SOYBEANS - PRODUCTION, MEASURED IN BU",TOTAL,NOT SPECIFIED,"29,000",
SURVEY,2002,YEAR,,COUNTY,TEXAS,48,BLACKLANDS,40,COLLIN,85,,,0,,SOYBEANS,"SOYBEANS - PRODUCTION, MEASURED IN BU",TOTAL,NOT SPECIFIED,"19,000",
SURVEY,2001,YEAR,,COUNTY,TEXAS,48,BLACKLANDS,40,COLLIN,85,,,0,,SOYBEANS,"SOYBEANS - PRODUCTION, MEASURED IN BU",TOTAL,NOT SPECIFIED,"43,000",
SURVEY,2000,YEAR,,COUNTY,TEXAS,48,BLACKLANDS,40,COLLIN,85,,,0,,SOYBEANS,"SOYBEANS - PRODUCTION, MEASURED IN BU",TOTAL,NOT SPECIFIED,"26,700",
SURVEY,1999,YEAR,,COUNTY,TEXAS,48,BLACKLANDS,40,COLLIN,85,,,0,,SOYBEANS,"SOYBEANS - PRODUCTION, MEASURED IN BU",TOTAL,NOT SPECIFIED,"7,100",
SURVEY,1998,YEAR,,COUNTY,TEXAS,48,BLACKLANDS,40,COLLIN,85,,,0,,SOYBEANS,"SOYBEANS - PRODUCTION, MEASURED IN BU",TOTAL,NOT SPECIFIED,"7,000",
SURVEY,1997,YEAR,,COUNTY,TEXAS,48,BLACKLANDS,40,COLLIN,85,,,0,,SOYBEANS,"SOYBEANS - PRODUCTION, MEASURED IN BU",TOTAL,NOT SPECIFIED,"62,900",
SURVEY,1996,YEAR,,COUNTY,TEXAS,48,BLACKLANDS,40,COLLIN,85,,,0,,SOYBEANS,"SOYBEANS - PRODUCTION, MEASURED IN BU",TOTAL,NOT SPECIFIED,"42,900",
SURVEY,1995,YEAR,,COUNTY,TEXAS,48,BLACKLANDS,40,COLLIN,85,,,0,,SOYBEANS,"SOYBEANS - PRODUCTION, MEASURED IN BU",TOTAL,NOT SPECIFIED,"28,100",
SURVEY,2006,YEAR,,COUNTY,TEXAS,48,BLACKLANDS,40,COLLIN,85,,,0,,SOYBEANS,"SOYBEANS - YIELD, MEASURED IN BU / ACRE",TOTAL,NOT SPECIFIED,5,
SURVEY,2005,YEAR,,COUNTY,TEXAS,48,BLACKLANDS,40,COLLIN,85,,,0,,SOYBEANS,"SOYBEANS - YIELD, MEASURED IN BU / ACRE",TOTAL,NOT SPECIFIED,12,
SURVEY,2004,YEAR,,COUNTY,TEXAS,48,BLACKLANDS,40,COLLIN,85,,,0,,SOYBEANS,"SOYBEANS - YIELD, MEASURED IN BU / ACRE",TOTAL,NOT SPECIFIED,26.4,
SURVEY,2002,YEAR,,COUNTY,TEXAS,48,BLACKLANDS,40,COLLIN,85,,,0,,SOYBEANS,"SOYBEANS - YIELD, MEASURED IN BU / ACRE",TOTAL,NOT SPECIFIED,15.8,
SURVEY,2001,YEAR,,COUNTY,TEXAS,48,BLACKLANDS,40,COLLIN,85,,,0,,SOYBEANS,"SOYBEANS - YIELD, MEASURED IN BU / ACRE",TOTAL,NOT SPECIFIED,11.9,
SURVEY,2000,YEAR,,COUNTY,TEXAS,48,BLACKLANDS,40,COLLIN,85,,,0,,SOYBEANS,"SOYBEANS - YIELD, MEASURED IN BU / ACRE",TOTAL,NOT SPECIFIED,16.7,
SURVEY,1999,YEAR,,COUNTY,TEXAS,48,BLACKLANDS,40,COLLIN,85,,,0,,SOYBEANS,"SOYBEANS - YIELD, MEASURED IN BU / ACRE",TOTAL,NOT SPECIFIED,11.8,
SURVEY,1998,YEAR,,COUNTY,TEXAS,48,BLACKLANDS,40,COLLIN,85,,,0,,SOYBEANS,"SOYBEANS - YIELD, MEASURED IN BU / ACRE",TOTAL,NOT SPECIFIED,10,
SURVEY,1997,YEAR,,COUNTY,TEXAS,48,BLACKLANDS,40,COLLIN,85,,,0,,SOYBEANS,"SOYBEANS - YIELD, MEASURED IN BU / ACRE",TOTAL,NOT SPECIFIED,24.2,
SURVEY,1996,YEAR,,COUNTY,TEXAS,48,BLACKLANDS,40,COLLIN,85,,,0,,SOYBEANS,"SOYBEANS - YIELD, MEASURED IN BU / ACRE",TOTAL,NOT SPECIFIED,21.5,
SURVEY,1995,YEAR,,COUNTY,TEXAS,48,BLACKLANDS,40,COLLIN,85,,,0,,SOYBEANS,"SOYBEANS - YIELD, MEASURED IN BU / ACRE",TOTAL,NOT SPECIFIED,21.6,
SURVEY,2000,YEAR,,COUNTY,TEXAS,48,SOUTHERN HIGH PLAINS,12,COLLIN,17,,,0,,SOYBEANS,"SOYBEANS, IRRIGATED - ACRES HARVESTED",TOTAL,NOT SPECIFIED,"1,100",
SURVEY,1999,YEAR,,COUNTY,TEXAS,48,SOUTHERN HIGH PLAINS,12,COLLIN,17,,,0,,SOYBEANS,"SOYBEANS, IRRIGATED - ACRES HARVESTED",TOTAL,NOT SPECIFIED,"4,000",
SURVEY,1997,YEAR,,COUNTY,TEXAS,48,SOUTHERN HIGH PLAINS,12,COLLIN,17,,,0,,SOYBEANS,"SOYBEANS, IRRIGATED - ACRES HARVESTED",TOTAL,NOT SPECIFIED,"1,200",
SURVEY,1992,YEAR,,COUNTY,TEXAS,48,SOUTHERN HIGH PLAINS,12,COLLIN,17,,,0,,SOYBEANS,"SOYBEANS, IRRIGATED - ACRES HARVESTED",TOTAL,NOT SPECIFIED,"6,800",
SURVEY,1989,YEAR,,COUNTY,TEXAS,48,SOUTHERN HIGH PLAINS,12,COLLIN,17,,,0,,SOYBEANS,"SOYBEANS, IRRIGATED - ACRES HARVESTED",TOTAL,NOT SPECIFIED,"1,600",
SURVEY,1988,YEAR,,COUNTY,TEXAS,48,SOUTHERN HIGH PLAINS,12,COLLIN,17,,,0,,SOYBEANS,"SOYBEANS, IRRIGATED - ACRES HARVESTED",TOTAL,NOT SPECIFIED,"2,100",
SURVEY,1986,YEAR,,COUNTY,TEXAS,48,SOUTHERN HIGH PLAINS,12,COLLIN,17,,,0,,SOYBEANS,"SOYBEANS, IRRIGATED - ACRES HARVESTED",TOTAL,NOT SPECIFIED,"2,600",
SURVEY,1984,YEAR,,COUNTY,TEXAS,48,SOUTHERN HIGH PLAINS,12,COLLIN,17,,,0,,SOYBEANS,"SOYBEANS, IRRIGATED - ACRES HARVESTED",TOTAL,NOT SPECIFIED,"1,100",
SURVEY,2000,YEAR,,COUNTY,TEXAS,48,SOUTHERN HIGH PLAINS,12,COLLIN,17,,,0,,SOYBEANS,"SOYBEANS, IRRIGATED - ACRES PLANTED",TOTAL,NOT SPECIFIED,"1,200",
SURVEY,1999,YEAR,,COUNTY,TEXAS,48,SOUTHERN HIGH PLAINS,12,COLLIN,17,,,0,,SOYBEANS,"SOYBEANS, IRRIGATED - ACRES PLANTED",TOTAL,NOT SPECIFIED,"4,000",
SURVEY,1997,YEAR,,COUNTY,TEXAS,48,SOUTHERN HIGH PLAINS,12,COLLIN,17,,,0,,SOYBEANS,"SOYBEANS, IRRIGATED - ACRES PLANTED",TOTAL,NOT SPECIFIED,"1,200",
SURVEY,1992,YEAR,,COUNTY,TEXAS,48,SOUTHERN HIGH PLAINS,12,COLLIN,17,,,0,,SOYBEANS,"SOYBEANS, IRRIGATED - ACRES PLANTED",TOTAL,NOT SPECIFIED,"6,800",
SURVEY,1989,YEAR,,COUNTY,TEXAS,48,SOUTHERN HIGH PLAINS,12,COLLIN,17,,,0,,SOYBEANS,"SOYBEANS, IRRIGATED - ACRES PLANTED",TOTAL,NOT SPECIFIED,"1,600",
SURVEY,1988,YEAR,,COUNTY,TEXAS,48,SOUTHERN HIGH PLAINS,12,COLLIN,17,,,0,,SOYBEANS,"SOYBEANS, IRRIGATED - ACRES PLANTED",TOTAL,NOT SPECIFIED,"2,100",
SURVEY,1986,YEAR,,COUNTY,TEXAS,48,SOUTHERN HIGH PLAINS,12,COLLIN,17,,,0,,SOYBEANS,"SOYBEANS, IRRIGATED - ACRES PLANTED",TOTAL,NOT SPECIFIED,"2,600",
SURVEY,1984,YEAR,,COUNTY,TEXAS,48,SOUTHERN HIGH PLAINS,12,COLLIN,17,,,0,,SOYBEANS,"SOYBEANS, IRRIGATED - ACRES PLANTED",TOTAL,NOT SPECIFIED,"1,100",
SURVEY,2000,YEAR,,COUNTY,TEXAS,48,SOUTHERN HIGH PLAINS,12,COLLIN,17,,,0,,SOYBEANS,"SOYBEANS, IRRIGATED - PRODUCTION, MEASURED IN BU",TOTAL,NOT SPECIFIED,"38,700",
SURVEY,1999,YEAR,,COUNTY,TEXAS,48,SOUTHERN HIGH PLAINS,12,COLLIN,17,,,0,,SOYBEANS,"SOYBEANS, IRRIGATED - PRODUCTION, MEASURED IN BU",TOTAL,NOT SPECIFIED,"129,700",
SURVEY,1997,YEAR,,COUNTY,TEXAS,48,SOUTHERN HIGH PLAINS,12,COLLIN,17,,,0,,SOYBEANS,"SOYBEANS, IRRIGATED - PRODUCTION, MEASURED IN BU",TOTAL,NOT SPECIFIED,"43,700",
SURVEY,1992,YEAR,,COUNTY,TEXAS,48,SOUTHERN HIGH PLAINS,12,COLLIN,17,,,0,,SOYBEANS,"SOYBEANS, IRRIGATED - PRODUCTION, MEASURED IN BU",TOTAL,NOT SPECIFIED,"262,900",
SURVEY,1989,YEAR,,COUNTY,TEXAS,48,SOUTHERN HIGH PLAINS,12,COLLIN,17,,,0,,SOYBEANS,"SOYBEANS, IRRIGATED - PRODUCTION, MEASURED IN BU",TOTAL,NOT SPECIFIED,"48,900",
SURVEY,1988,YEAR,,COUNTY,TEXAS,48,SOUTHERN HIGH PLAINS,12,COLLIN,17,,,0,,SOYBEANS,"SOYBEANS, IRRIGATED - PRODUCTION, MEASURED IN BU",TOTAL,NOT SPECIFIED,"71,900",
SURVEY,1986,YEAR,,COUNTY,TEXAS,48,SOUTHERN HIGH PLAINS,12,COLLIN,17,,,0,,SOYBEANS,"SOYBEANS, IRRIGATED - PRODUCTION, MEASURED IN BU",TOTAL,NOT SPECIFIED,"117,700",
SURVEY,1984,YEAR,,COUNTY,TEXAS,48,SOUTHERN HIGH PLAINS,12,COLLIN,17,,,0,,SOYBEANS,"SOYBEANS, IRRIGATED - PRODUCTION, MEASURED IN BU",TOTAL,NOT SPECIFIED,"44,000",
SURVEY,2000,YEAR,,COUNTY,TEXAS,48,SOUTHERN HIGH PLAINS,12,COLLIN,17,,,0,,SOYBEANS,"SOYBEANS, IRRIGATED - YIELD, MEASURED IN BU / ACRE",TOTAL,NOT SPECIFIED,35.2,
SURVEY,1999,YEAR,,COUNTY,TEXAS,48,SOUTHERN HIGH PLAINS,12,COLLIN,17,,,0,,SOYBEANS,"SOYBEANS, IRRIGATED - YIELD, MEASURED IN BU / ACRE",TOTAL,NOT SPECIFIED,32.4,
SURVEY,1997,YEAR,,COUNTY,TEXAS,48,SOUTHERN HIGH PLAINS,12,COLLIN,17,,,0,,SOYBEANS,"SOYBEANS, IRRIGATED - YIELD, MEASURED IN BU / ACRE",TOTAL,NOT SPECIFIED,36.4,
SURVEY,1992,YEAR,,COUNTY,TEXAS,48,SOUTHERN HIGH PLAINS,12,COLLIN,17,,,0,,SOYBEANS,"SOYBEANS, IRRIGATED - YIELD, MEASURED IN BU / ACRE",TOTAL,NOT SPECIFIED,38.7,
SURVEY,1989,YEAR,,COUNTY,TEXAS,48,SOUTHERN HIGH PLAINS,12,COLLIN,17,,,0,,SOYBEANS,"SOYBEANS, IRRIGATED - YIELD, MEASURED IN BU / ACRE",TOTAL,NOT SPECIFIED,30.6,
SURVEY,1988,YEAR,,COUNTY,TEXAS,48,SOUTHERN HIGH PLAINS,12,COLLIN,17,,,0,,SOYBEANS,"SOYBEANS, IRRIGATED - YIELD, MEASURED IN BU / ACRE",TOTAL,NOT SPECIFIED,34.2,
SURVEY,1986,YEAR,,COUNTY,TEXAS,48,SOUTHERN HIGH PLAINS,12,COLLIN,17,,,0,,SOYBEANS,"SOYBEANS, IRRIGATED - YIELD, MEASURED IN BU / ACRE",TOTAL,NOT SPECIFIED,45.3,
SURVEY,1984,YEAR,,COUNTY,TEXAS,48,SOUTHERN HIGH PLAINS,12,COLLIN,17,,,0,,SOYBEANS,"SOYBEANS, IRRIGATED - YIELD, MEASURED IN BU / ACRE",TOTAL,NOT SPECIFIED,40,
SURVEY,2005,YEAR,,COUNTY,TEXAS,48,BLACKLANDS,40,COLLIN,85,,,0,,SOYBEANS,"SOYBEANS, NON-IRRIGATED - ACRES HARVESTED",TOTAL,NOT SPECIFIED,"1,000",
SURVEY,2004,YEAR,,COUNTY,TEXAS,48,BLACKLANDS,40,COLLIN,85,,,0,,SOYBEANS,"SOYBEANS, NON-IRRIGATED - ACRES HARVESTED",TOTAL,NOT SPECIFIED,"1,100",
SURVEY,2002,YEAR,,COUNTY,TEXAS,48,BLACKLANDS,40,COLLIN,85,,,0,,SOYBEANS,"SOYBEANS, NON-IRRIGATED - ACRES HARVESTED",TOTAL,NOT SPECIFIED,"1,200",
SURVEY,2001,YEAR,,COUNTY,TEXAS,48,BLACKLANDS,40,COLLIN,85,,,0,,SOYBEANS,"SOYBEANS, NON-IRRIGATED - ACRES HARVESTED",TOTAL,NOT SPECIFIED,"3,600",
SURVEY,2000,YEAR,,COUNTY,TEXAS,48,BLACKLANDS,40,COLLIN,85,,,0,,SOYBEANS,"SOYBEANS, NON-IRRIGATED - ACRES HARVESTED",TOTAL,NOT SPECIFIED,"1,600",
SURVEY,1999,YEAR,,COUNTY,TEXAS,48,BLACKLANDS,40,COLLIN,85,,,0,,SOYBEANS,"SOYBEANS, NON-IRRIGATED - ACRES HARVESTED",TOTAL,NOT SPECIFIED,600,
SURVEY,1998,YEAR,,COUNTY,TEXAS,48,BLACKLANDS,40,COLLIN,85,,,0,,SOYBEANS,"SOYBEANS, NON-IRRIGATED - ACRES HARVESTED",TOTAL,NOT SPECIFIED,700,
SURVEY,1997,YEAR,,COUNTY,TEXAS,48,BLACKLANDS,40,COLLIN,85,,,0,,SOYBEANS,"SOYBEANS, NON-IRRIGATED - ACRES HARVESTED",TOTAL,NOT SPECIFIED,"2,600",
SURVEY,1996,YEAR,,COUNTY,TEXAS,48,BLACKLANDS,40,COLLIN,85,,,0,,SOYBEANS,"SOYBEANS, NON-IRRIGATED - ACRES HARVESTED",TOTAL,NOT SPECIFIED,"2,000",
SURVEY,1995,YEAR,,COUNTY,TEXAS,48,BLACKLANDS,40,COLLIN,85,,,0,,SOYBEANS,"SOYBEANS, NON-IRRIGATED - ACRES HARVESTED",TOTAL,NOT SPECIFIED,"1,300",
SURVEY,2005,YEAR,,COUNTY,TEXAS,48,BLACKLANDS,40,COLLIN,85,,,0,,SOYBEANS,"SOYBEANS, NON-IRRIGATED - ACRES PLANTED",TOTAL,NOT SPECIFIED,"1,100",
SURVEY,2004,YEAR,,COUNTY,TEXAS,48,BLACKLANDS,40,COLLIN,85,,,0,,SOYBEANS,"SOYBEANS, NON-IRRIGATED - ACRES PLANTED",TOTAL,NOT SPECIFIED,"1,200",
SURVEY,2002,YEAR,,COUNTY,TEXAS,48,BLACKLANDS,40,COLLIN,85,,,0,,SOYBEANS,"SOYBEANS, NON-IRRIGATED - ACRES PLANTED",TOTAL,NOT SPECIFIED,"1,700",
SURVEY,2001,YEAR,,COUNTY,TEXAS,48,BLACKLANDS,40,COLLIN,85,,,0,,SOYBEANS,"SOYBEANS, NON-IRRIGATED - ACRES PLANTED",TOTAL,NOT SPECIFIED,"5,400",
SURVEY,2000,YEAR,,COUNTY,TEXAS,48,BLACKLANDS,40,COLLIN,85,,,0,,SOYBEANS,"SOYBEANS, NON-IRRIGATED - ACRES PLANTED",TOTAL,NOT SPECIFIED,"1,700",
SURVEY,1999,YEAR,,COUNTY,TEXAS,48,BLACKLANDS,40,COLLIN,85,,,0,,SOYBEANS,"SOYBEANS, NON-IRRIGATED - ACRES PLANTED",TOTAL,NOT SPECIFIED,"1,500",
SURVEY,1998,YEAR,,COUNTY,TEXAS,48,BLACKLANDS,40,COLLIN,85,,,0,,SOYBEANS,"SOYBEANS, NON-IRRIGATED - ACRES PLANTED",TOTAL,NOT SPECIFIED,"5,200",
SURVEY,1997,YEAR,,COUNTY,TEXAS,48,BLACKLANDS,40,COLLIN,85,,,0,,SOYBEANS,"SOYBEANS, NON-IRRIGATED - ACRES PLANTED",TOTAL,NOT SPECIFIED,"2,700",
SURVEY,1996,YEAR,,COUNTY,TEXAS,48,BLACKLANDS,40,COLLIN,85,,,0,,SOYBEANS,"SOYBEANS, NON-IRRIGATED - ACRES PLANTED",TOTAL,NOT SPECIFIED,"2,100",
SURVEY,1995,YEAR,,COUNTY,TEXAS,48,BLACKLANDS,40,COLLIN,85,,,0,,SOYBEANS,"SOYBEANS, NON-IRRIGATED - ACRES PLANTED",TOTAL,NOT SPECIFIED,"1,500",
SURVEY,2005,YEAR,,COUNTY,TEXAS,48,BLACKLANDS,40,COLLIN,85,,,0,,SOYBEANS,"SOYBEANS, NON-IRRIGATED - PRODUCTION, MEASURED IN BU",TOTAL,NOT SPECIFIED,"12,000",
SURVEY,2004,YEAR,,COUNTY,TEXAS,48,BLACKLANDS,40,COLLIN,85,,,0,,SOYBEANS,"SOYBEANS, NON-IRRIGATED - PRODUCTION, MEASURED IN BU",TOTAL,NOT SPECIFIED,"29,000",
SURVEY,2002,YEAR,,COUNTY,TEXAS,48,BLACKLANDS,40,COLLIN,85,,,0,,SOYBEANS,"SOYBEANS, NON-IRRIGATED - PRODUCTION, MEASURED IN BU",TOTAL,NOT SPECIFIED,"19,000",
SURVEY,2001,YEAR,,COUNTY,TEXAS,48,BLACKLANDS,40,COLLIN,85,,,0,,SOYBEANS,"SOYBEANS, NON-IRRIGATED - PRODUCTION, MEASURED IN BU",TOTAL,NOT SPECIFIED,"43,000",
SURVEY,2000,YEAR,,COUNTY,TEXAS,48,BLACKLANDS,40,COLLIN,85,,,0,,SOYBEANS,"SOYBEANS, NON-IRRIGATED - PRODUCTION, MEASURED IN BU",TOTAL,NOT SPECIFIED,"26,700",
SURVEY,1999,YEAR,,COUNTY,TEXAS,48,BLACKLANDS,40,COLLIN,85,,,0,,SOYBEANS,"SOYBEANS, NON-IRRIGATED - PRODUCTION, MEASURED IN BU",TOTAL,NOT SPECIFIED,"7,100",
SURVEY,1998,YEAR,,COUNTY,TEXAS,48,BLACKLANDS,40,COLLIN,85,,,0,,SOYBEANS,"SOYBEANS, NON-IRRIGATED - PRODUCTION, MEASURED IN BU",TOTAL,NOT SPECIFIED,"7,000",
SURVEY,1997,YEAR,,COUNTY,TEXAS,48,BLACKLANDS,40,COLLIN,85,,,0,,SOYBEANS,"SOYBEANS, NON-IRRIGATED - PRODUCTION, MEASURED IN BU",TOTAL,NOT SPECIFIED,"62,900",
SURVEY,1996,YEAR,,COUNTY,TEXAS,48,BLACKLANDS,40,COLLIN,85,,,0,,SOYBEANS,"SOYBEANS, NON-IRRIGATED - PRODUCTION, MEASURED IN BU",TOTAL,NOT SPECIFIED,"42,900",
SURVEY,1995,YEAR,,COUNTY,TEXAS,48,BLACKLANDS,40,COLLIN,85,,,0,,SOYBEANS,"SOYBEANS, NON-IRRIGATED - PRODUCTION, MEASURED IN BU",TOTAL,NOT SPECIFIED,"28,100",
SURVEY,2005,YEAR,,COUNTY,TEXAS,48,BLACKLANDS,40,COLLIN,85,,,0,,SOYBEANS,"SOYBEANS, NON-IRRIGATED - YIELD, MEASURED IN BU / ACRE",TOTAL,NOT SPECIFIED,12,
SURVEY,2004,YEAR,,COUNTY,TEXAS,48,BLACKLANDS,40,COLLIN,85,,,0,,SOYBEANS,"SOYBEANS, NON-IRRIGATED - YIELD, MEASURED IN BU / ACRE",TOTAL,NOT SPECIFIED,26.4,
SURVEY,2002,YEAR,,COUNTY,TEXAS,48,BLACKLANDS,40,COLLIN,85,,,0,,SOYBEANS,"SOYBEANS, NON-IRRIGATED - YIELD, MEASURED IN BU / ACRE",TOTAL,NOT SPECIFIED,15.8,
SURVEY,2001,YEAR,,COUNTY,TEXAS,48,BLACKLANDS,40,COLLIN,85,,,0,,SOYBEANS,"SOYBEANS, NON-IRRIGATED - YIELD, MEASURED IN BU / ACRE",TOTAL,NOT SPECIFIED,11.9,
SURVEY,2000,YEAR,,COUNTY,TEXAS,48,BLACKLANDS,40,COLLIN,85,,,0,,SOYBEANS,"SOYBEANS, NON-IRRIGATED - YIELD, MEASURED IN BU / ACRE",TOTAL,NOT SPECIFIED,16.7,
SURVEY,1999,YEAR,,COUNTY,TEXAS,48,BLACKLANDS,40,COLLIN,85,,,0,,SOYBEANS,"SOYBEANS, NON-IRRIGATED - YIELD, MEASURED IN BU / ACRE",TOTAL,NOT SPECIFIED,11.8,
SURVEY,1998,YEAR,,COUNTY,TEXAS,48,BLACKLANDS,40,COLLIN,85,,,0,,SOYBEANS,"SOYBEANS, NON-IRRIGATED - YIELD, MEASURED IN BU / ACRE",TOTAL,NOT SPECIFIED,10,
SURVEY,1997,YEAR,,COUNTY,TEXAS,48,BLACKLANDS,40,COLLIN,85,,,0,,SOYBEANS,"SOYBEANS, NON-IRRIGATED - YIELD, MEASURED IN BU / ACRE",TOTAL,NOT SPECIFIED,24.2,
SURVEY,1996,YEAR,,COUNTY,TEXAS,48,BLACKLANDS,40,COLLIN,85,,,0,,SOYBEANS,"SOYBEANS, NON-IRRIGATED - YIELD, MEASURED IN BU / ACRE",TOTAL,NOT SPECIFIED,21.5,
SURVEY,1995,YEAR,,COUNTY,TEXAS,48,BLACKLANDS,40,COLLIN,85,,,0,,SOYBEANS,"SOYBEANS, NON-IRRIGATED - YIELD, MEASURED IN BU / ACRE",TOTAL,NOT SPECIFIED,21.6,
SURVEY,2016,YEAR,,COUNTY,TEXAS,48,BLACKLANDS,40,COLLIN,85,,,0,,SORGHUM,SORGHUM - ACRES HARVESTED,TOTAL,NOT SPECIFIED,"9,900",
SURVEY,2015,YEAR,,COUNTY,TEXAS,48,BLACKLANDS,40,COLLIN,85,,,0,,SORGHUM,SORGHUM - ACRES HARVESTED,TOTAL,NOT SPECIFIED,"5,700",
SURVEY,2015,YEAR,,COUNTY,TEXAS,48,BLACKLANDS,40,COLLIN,85,,,0,,SORGHUM,"SORGHUM, NON-IRRIGATED - ACRES HARVESTED",TOTAL,NOT SPECIFIED,"5,700",
SURVEY,2014,YEAR,,COUNTY,TEXAS,48,BLACKLANDS,40,COLLIN,85,,,0,,SORGHUM,SORGHUM - ACRES HARVESTED,TOTAL,NOT SPECIFIED,"11,300",
SURVEY,2013,YEAR,,COUNTY,TEXAS,48,BLACKLANDS,40,COLLIN,85,,,0,,SORGHUM,SORGHUM - ACRES HARVESTED,TOTAL,NOT SPECIFIED,"12,100",
SURVEY,2012,YEAR,,COUNTY,TEXAS,48,BLACKLANDS,40,COLLIN,85,,,0,,SORGHUM,SORGHUM - ACRES HARVESTED,TOTAL,NOT SPECIFIED,"15,300",
SURVEY,2011,YEAR,,COUNTY,TEXAS,48,BLACKLANDS,40,COLLIN,85,,,0,,SORGHUM,SORGHUM - ACRES HARVESTED,TOTAL,NOT SPECIFIED,"8,200",
SURVEY,2011,YEAR,,COUNTY,TEXAS,48,BLACKLANDS,40,COLLIN,85,,,0,,SORGHUM,"SORGHUM, NON-IRRIGATED - ACRES HARVESTED",TOTAL,NOT SPECIFIED,"8,200",
SURVEY,2010,YEAR,,COUNTY,TEXAS,48,BLACKLANDS,40,COLLIN,85,,,0,,SORGHUM,SORGHUM - ACRES HARVESTED,TOTAL,NOT SPECIFIED,"14,000",
SURVEY,2009,YEAR,,COUNTY,TEXAS,48,BLACKLANDS,40,COLLIN,85,,,0,,SORGHUM,SORGHUM - ACRES HARVESTED,TOTAL,NOT SPECIFIED,"6,500",
SURVEY,2008,YEAR,,COUNTY,TEXAS,48,BLACKLANDS,40,COLLIN,85,,,0,,SORGHUM,SORGHUM - ACRES HARVESTED,TOTAL,NOT SPECIFIED,"10,800",
SURVEY,2008,YEAR,,COUNTY,TEXAS,48,BLACKLANDS,40,COLLIN,85,,,0,,SORGHUM,"SORGHUM, NON-IRRIGATED - ACRES HARVESTED",TOTAL,NOT SPECIFIED,"10,800",
SURVEY,2007,YEAR,,COUNTY,TEXAS,48,BLACKLANDS,40,COLLIN,85,,,0,,SORGHUM,SORGHUM - ACRES HARVESTED,TOTAL,NOT SPECIFIED,"11,000",
SURVEY,2006,YEAR,,COUNTY,TEXAS,48,BLACKLANDS,40,COLLIN,85,,,0,,SORGHUM,SORGHUM - ACRES HARVESTED,TOTAL,NOT SPECIFIED,"12,000",
SURVEY,2005,YEAR,,COUNTY,TEXAS,48,BLACKLANDS,40,COLLIN,85,,,0,,SORGHUM,SORGHUM - ACRES HARVESTED,TOTAL,NOT SPECIFIED,"9,600",
SURVEY,2004,YEAR,,COUNTY,TEXAS,48,BLACKLANDS,40,COLLIN,85,,,0,,SORGHUM,SORGHUM - ACRES HARVESTED,TOTAL,NOT SPECIFIED,"10,200",
SURVEY,2004,YEAR,,COUNTY,TEXAS,48,BLACKLANDS,40,COLLIN,85,,,0,,SORGHUM,"SORGHUM, NON-IRRIGATED - ACRES HARVESTED",TOTAL,NOT SPECIFIED,"10,200",
SURVEY,2003,YEAR,,COUNTY,TEXAS,48,BLACKLANDS,40,COLLIN,85,,,0,,SORGHUM,SORGHUM - ACRES HARVESTED,TOTAL,NOT SPECIFIED,"12,500",
SURVEY,2003,YEAR,,COUNTY,TEXAS,48,BLACKLANDS,40,COLLIN,85,,,0,,SORGHUM,"SORGHUM, NON-IRRIGATED - ACRES HARVESTED",TOTAL,NOT SPECIFIED,"12,500",
SURVEY,2002,YEAR,,COUNTY,TEXAS,48,BLACKLANDS,40,COLLIN,85,,,0,,SORGHUM,SORGHUM - ACRES HARVESTED,TOTAL,NOT SPECIFIED,"13,000",
SURVEY,2002,YEAR,,COUNTY,TEXAS,48,BLACKLANDS,40,COLLIN,85,,,0,,SORGHUM,"SORGHUM, NON-IRRIGATED - ACRES HARVESTED",TOTAL,NOT SPECIFIED,"13,000",
SURVEY,2001,YEAR,,COUNTY,TEXAS,48,BLACKLANDS,40,COLLIN,85,,,0,,SORGHUM,SORGHUM - ACRES HARVESTED,TOTAL,NOT SPECIFIED,"14,800",
SURVEY,2001,YEAR,,COUNTY,TEXAS,48,BLACKLANDS,40,COLLIN,85,,,0,,SORGHUM,"SORGHUM, NON-IRRIGATED - ACRES HARVESTED",TOTAL,NOT SPECIFIED,"14,800",
SURVEY,2000,YEAR,,COUNTY,TEXAS,48,BLACKLANDS,40,COLLIN,85,,,0,,SORGHUM,SORGHUM - ACRES HARVESTED,TOTAL,NOT SPECIFIED,"15,600",
SURVEY,2000,YEAR,,COUNTY,TEXAS,48,BLACKLANDS,40,COLLIN,85,,,0,,SORGHUM,"SORGHUM, NON-IRRIGATED - ACRES HARVESTED",TOTAL,NOT SPECIFIED,"15,600",
SURVEY,1999,YEAR,,COUNTY,TEXAS,48,BLACKLANDS,40,COLLIN,85,,,0,,SORGHUM,SORGHUM - ACRES HARVESTED,TOTAL,NOT SPECIFIED,"28,000",
SURVEY,1999,YEAR,,COUNTY,TEXAS,48,BLACKLANDS,40,COLLIN,85,,,0,,SORGHUM,"SORGHUM, NON-IRRIGATED - ACRES HARVESTED",TOTAL,NOT SPECIFIED,"28,000",
SURVEY,1998,YEAR,,COUNTY,TEXAS,48,BLACKLANDS,40,COLLIN,85,,,0,,SORGHUM,SORGHUM - ACRES HARVESTED,TOTAL,NOT SPECIFIED,"18,400",
SURVEY,1998,YEAR,,COUNTY,TEXAS,48,BLACKLANDS,40,COLLIN,85,,,0,,SORGHUM,"SORGHUM, NON-IRRIGATED - ACRES HARVESTED",TOTAL,NOT SPECIFIED,"18,400",
SURVEY,1997,YEAR,,COUNTY,TEXAS,48,BLACKLANDS,40,COLLIN,85,,,0,,SORGHUM,SORGHUM - ACRES HARVESTED,TOTAL,NOT SPECIFIED,"39,500",
SURVEY,1997,YEAR,,COUNTY,TEXAS,48,BLACKLANDS,40,COLLIN,85,,,0,,SORGHUM,"SORGHUM, NON-IRRIGATED - ACRES HARVESTED",TOTAL,NOT SPECIFIED,"39,500",
SURVEY,1996,YEAR,,COUNTY,TEXAS,48,BLACKLANDS,40,COLLIN,85,,,0,,SORGHUM,SORGHUM - ACRES HARVESTED,TOTAL,NOT SPECIFIED,"28,400",
SURVEY,1996,YEAR,,COUNTY,TEXAS,48,BLACKLANDS,40,COLLIN,85,,,0,,SORGHUM,"SORGHUM, NON-IRRIGATED - ACRES HARVESTED",TOTAL,NOT SPECIFIED,"28,300",
SURVEY,1995,YEAR,,COUNTY,TEXAS,48,BLACKLANDS,40,COLLIN,85,,,0,,SORGHUM,SORGHUM - ACRES HARVESTED,TOTAL,NOT SPECIFIED,"16,300",
SURVEY,1995,YEAR,,COUNTY,TEXAS,48,BLACKLANDS,40,COLLIN,85,,,0,,SORGHUM,"SORGHUM, NON-IRRIGATED - ACRES HARVESTED",TOTAL,NOT SPECIFIED,"16,200",
SURVEY,2016,YEAR,,COUNTY,TEXAS,48,BLACKLANDS,40,COLLIN,85,,,0,,SORGHUM,SORGHUM - ACRES PLANTED,TOTAL,NOT SPECIFIED,"10,100",
SURVEY,2015,YEAR,,COUNTY,TEXAS,48,BLACKLANDS,40,COLLIN,85,,,0,,SORGHUM,SORGHUM - ACRES PLANTED,TOTAL,NOT SPECIFIED,"5,700",
SURVEY,2015,YEAR,,COUNTY,TEXAS,48,BLACKLANDS,40,COLLIN,85,,,0,,SORGHUM,"SORGHUM, NON-IRRIGATED - ACRES PLANTED",TOTAL,NOT SPECIFIED,"5,700",
SURVEY,2014,YEAR,,COUNTY,TEXAS,48,BLACKLANDS,40,COLLIN,85,,,0,,SORGHUM,SORGHUM - ACRES PLANTED,TOTAL,NOT SPECIFIED,"11,500",
SURVEY,2013,YEAR,,COUNTY,TEXAS,48,BLACKLANDS,40,COLLIN,85,,,0,,SORGHUM,SORGHUM - ACRES PLANTED,TOTAL,NOT SPECIFIED,"13,200",
SURVEY,2012,YEAR,,COUNTY,TEXAS,48,BLACKLANDS,40,COLLIN,85,,,0,,SORGHUM,SORGHUM - ACRES PLANTED,TOTAL,NOT SPECIFIED,"15,600",
SURVEY,2011,YEAR,,COUNTY,TEXAS,48,BLACKLANDS,40,COLLIN,85,,,0,,SORGHUM,SORGHUM - ACRES PLANTED,TOTAL,NOT SPECIFIED,"8,400",
SURVEY,2011,YEAR,,COUNTY,TEXAS,48,BLACKLANDS,40,COLLIN,85,,,0,,SORGHUM,"SORGHUM, NON-IRRIGATED - ACRES PLANTED",TOTAL,NOT SPECIFIED,"8,400",
SURVEY,2010,YEAR,,COUNTY,TEXAS,48,BLACKLANDS,40,COLLIN,85,,,0,,SORGHUM,SORGHUM - ACRES PLANTED,TOTAL,NOT SPECIFIED,"14,600",
SURVEY,2009,YEAR,,COUNTY,TEXAS,48,BLACKLANDS,40,COLLIN,85,,,0,,SORGHUM,SORGHUM - ACRES PLANTED,TOTAL,NOT SPECIFIED,"7,600",
SURVEY,2008,YEAR,,COUNTY,TEXAS,48,BLACKLANDS,40,COLLIN,85,,,0,,SORGHUM,SORGHUM - ACRES PLANTED,TOTAL,NOT SPECIFIED,"11,200",
SURVEY,2008,YEAR,,COUNTY,TEXAS,48,BLACKLANDS,40,COLLIN,85,,,0,,SORGHUM,"SORGHUM, NON-IRRIGATED - ACRES PLANTED",TOTAL,NOT SPECIFIED,"11,200",
SURVEY,2007,YEAR,,COUNTY,TEXAS,48,BLACKLANDS,40,COLLIN,85,,,0,,SORGHUM,SORGHUM - ACRES PLANTED,TOTAL,NOT SPECIFIED,"11,000",
SURVEY,2006,YEAR,,COUNTY,TEXAS,48,BLACKLANDS,40,COLLIN,85,,,0,,SORGHUM,SORGHUM - ACRES PLANTED,TOTAL,NOT SPECIFIED,"15,300",
SURVEY,2005,YEAR,,COUNTY,TEXAS,48,BLACKLANDS,40,COLLIN,85,,,0,,SORGHUM,SORGHUM - ACRES PLANTED,TOTAL,NOT SPECIFIED,"9,700",
SURVEY,2004,YEAR,,COUNTY,TEXAS,48,BLACKLANDS,40,COLLIN,85,,,0,,SORGHUM,SORGHUM - ACRES PLANTED,TOTAL,NOT SPECIFIED,"10,400",
SURVEY,2004,YEAR,,COUNTY,TEXAS,48,BLACKLANDS,40,COLLIN,85,,,0,,SORGHUM,"SORGHUM, NON-IRRIGATED - ACRES PLANTED",TOTAL,NOT SPECIFIED,"10,400",
SURVEY,2003,YEAR,,COUNTY,TEXAS,48,BLACKLANDS,40,COLLIN,85,,,0,,SORGHUM,SORGHUM - ACRES PLANTED,TOTAL,NOT SPECIFIED,"12,700",
SURVEY,2003,YEAR,,COUNTY,TEXAS,48,BLACKLANDS,40,COLLIN,85,,,0,,SORGHUM,"SORGHUM, NON-IRRIGATED - ACRES PLANTED",TOTAL,NOT SPECIFIED,"12,700",
SURVEY,2002,YEAR,,COUNTY,TEXAS,48,BLACKLANDS,40,COLLIN,85,,,0,,SORGHUM,SORGHUM - ACRES PLANTED,TOTAL,NOT SPECIFIED,"13,400",
SURVEY,2002,YEAR,,COUNTY,TEXAS,48,BLACKLANDS,40,COLLIN,85,,,0,,SORGHUM,"SORGHUM, NON-IRRIGATED - ACRES PLANTED",TOTAL,NOT SPECIFIED,"13,400",
SURVEY,2001,YEAR,,COUNTY,TEXAS,48,BLACKLANDS,40,COLLIN,85,,,0,,SORGHUM,SORGHUM - ACRES PLANTED,TOTAL,NOT SPECIFIED,"16,000",
SURVEY,2001,YEAR,,COUNTY,TEXAS,48,BLACKLANDS,40,COLLIN,85,,,0,,SORGHUM,"SORGHUM, NON-IRRIGATED - ACRES PLANTED",TOTAL,NOT SPECIFIED,"16,000",
SURVEY,2000,YEAR,,COUNTY,TEXAS,48,BLACKLANDS,40,COLLIN,85,,,0,,SORGHUM,SORGHUM - ACRES PLANTED,TOTAL,NOT SPECIFIED,"16,300",
SURVEY,2000,YEAR,,COUNTY,TEXAS,48,BLACKLANDS,40,COLLIN,85,,,0,,SORGHUM,"SORGHUM, NON-IRRIGATED - ACRES PLANTED",TOTAL,NOT SPECIFIED,"16,300",
SURVEY,1999,YEAR,,COUNTY,TEXAS,48,BLACKLANDS,40,COLLIN,85,,,0,,SORGHUM,SORGHUM - ACRES PLANTED,TOTAL,NOT SPECIFIED,"28,000",
SURVEY,1999,YEAR,,COUNTY,TEXAS,48,BLACKLANDS,40,COLLIN,85,,,0,,SORGHUM,"SORGHUM, NON-IRRIGATED - ACRES PLANTED",TOTAL,NOT SPECIFIED,"28,000",
SURVEY,1998,YEAR,,COUNTY,TEXAS,48,BLACKLANDS,40,COLLIN,85,,,0,,SORGHUM,SORGHUM - ACRES PLANTED,TOTAL,NOT SPECIFIED,"18,700",
SURVEY,1998,YEAR,,COUNTY,TEXAS,48,BLACKLANDS,40,COLLIN,85,,,0,,SORGHUM,"SORGHUM, NON-IRRIGATED - ACRES PLANTED",TOTAL,NOT SPECIFIED,"18,700",
SURVEY,1997,YEAR,,COUNTY,TEXAS,48,BLACKLANDS,40,COLLIN,85,,,0,,SORGHUM,SORGHUM - ACRES PLANTED,TOTAL,NOT SPECIFIED,"42,000",
SURVEY,1997,YEAR,,COUNTY,TEXAS,48,BLACKLANDS,40,COLLIN,85,,,0,,SORGHUM,"SORGHUM, NON-IRRIGATED - ACRES PLANTED",TOTAL,NOT SPECIFIED,"41,900",
SURVEY,1996,YEAR,,COUNTY,TEXAS,48,BLACKLANDS,40,COLLIN,85,,,0,,SORGHUM,SORGHUM - ACRES PLANTED,TOTAL,NOT SPECIFIED,"29,000",
SURVEY,1996,YEAR,,COUNTY,TEXAS,48,BLACKLANDS,40,COLLIN,85,,,0,,SORGHUM,"SORGHUM, NON-IRRIGATED - ACRES PLANTED",TOTAL,NOT SPECIFIED,"28,900",
SURVEY,1995,YEAR,,COUNTY,TEXAS,48,BLACKLANDS,40,COLLIN,85,,,0,,SORGHUM,SORGHUM - ACRES PLANTED,TOTAL,NOT SPECIFIED,"19,700",
SURVEY,1995,YEAR,,COUNTY,TEXAS,48,BLACKLANDS,40,COLLIN,85,,,0,,SORGHUM,"SORGHUM, NON-IRRIGATED - ACRES PLANTED",TOTAL,NOT SPECIFIED,"19,600",
SURVEY,2016,YEAR,,COUNTY,TEXAS,48,BLACKLANDS,40,COLLIN,85,,,0,,SORGHUM,"SORGHUM - PRODUCTION, MEASURED IN BU",TOTAL,NOT SPECIFIED,"591,000",
SURVEY,2015,YEAR,,COUNTY,TEXAS,48,BLACKLANDS,40,COLLIN,85,,,0,,SORGHUM,"SORGHUM - PRODUCTION, MEASURED IN BU",TOTAL,NOT SPECIFIED,"287,000",
SURVEY,2015,YEAR,,COUNTY,TEXAS,48,BLACKLANDS,40,COLLIN,85,,,0,,SORGHUM,"SORGHUM, NON-IRRIGATED - PRODUCTION, MEASURED IN BU",TOTAL,NOT SPECIFIED,"287,000",
SURVEY,2014,YEAR,,COUNTY,TEXAS,48,BLACKLANDS,40,COLLIN,85,,,0,,SORGHUM,"SORGHUM - PRODUCTION, MEASURED IN BU",TOTAL,NOT SPECIFIED,"857,000",
SURVEY,2013,YEAR,,COUNTY,TEXAS,48,BLACKLANDS,40,COLLIN,85,,,0,,SORGHUM,"SORGHUM - PRODUCTION, MEASURED IN BU",TOTAL,NOT SPECIFIED,"856,000",
SURVEY,2012,YEAR,,COUNTY,TEXAS,48,BLACKLANDS,40,COLLIN,85,,,0,,SORGHUM,"SORGHUM - PRODUCTION, MEASURED IN BU",TOTAL,NOT SPECIFIED,"667,000",
SURVEY,2011,YEAR,,COUNTY,TEXAS,48,BLACKLANDS,40,COLLIN,85,,,0,,SORGHUM,"SORGHUM - PRODUCTION, MEASURED IN BU",TOTAL,NOT SPECIFIED,"390,000",
SURVEY,2011,YEAR,,COUNTY,TEXAS,48,BLACKLANDS,40,COLLIN,85,,,0,,SORGHUM,"SORGHUM, NON-IRRIGATED - PRODUCTION, MEASURED IN BU",TOTAL,NOT SPECIFIED,"390,000",
SURVEY,2010,YEAR,,COUNTY,TEXAS,48,BLACKLANDS,40,COLLIN,85,,,0,,SORGHUM,"SORGHUM - PRODUCTION, MEASURED IN BU",TOTAL,NOT SPECIFIED,"732,000",
SURVEY,2009,YEAR,,COUNTY,TEXAS,48,BLACKLANDS,40,COLLIN,85,,,0,,SORGHUM,"SORGHUM - PRODUCTION, MEASURED IN BU",TOTAL,NOT SPECIFIED,"310,000",
SURVEY,2008,YEAR,,COUNTY,TEXAS,48,BLACKLANDS,40,COLLIN,85,,,0,,SORGHUM,"SORGHUM - PRODUCTION, MEASURED IN BU",TOTAL,NOT SPECIFIED,"712,000",
SURVEY,2008,YEAR,,COUNTY,TEXAS,48,BLACKLANDS,40,COLLIN,85,,,0,,SORGHUM,"SORGHUM, NON-IRRIGATED - PRODUCTION, MEASURED IN BU",TOTAL,NOT SPECIFIED,"712,000",
SURVEY,2007,YEAR,,COUNTY,TEXAS,48,BLACKLANDS,40,COLLIN,85,,,0,,SORGHUM,"SORGHUM - PRODUCTION, MEASURED IN BU",TOTAL,NOT SPECIFIED,"670,000",
SURVEY,2006,YEAR,,COUNTY,TEXAS,48,BLACKLANDS,40,COLLIN,85,,,0,,SORGHUM,"SORGHUM - PRODUCTION, MEASURED IN BU",TOTAL,NOT SPECIFIED,"443,000",
SURVEY,2005,YEAR,,COUNTY,TEXAS,48,BLACKLANDS,40,COLLIN,85,,,0,,SORGHUM,"SORGHUM - PRODUCTION, MEASURED IN BU",TOTAL,NOT SPECIFIED,"610,000",
SURVEY,2004,YEAR,,COUNTY,TEXAS,48,BLACKLANDS,40,COLLIN,85,,,0,,SORGHUM,"SORGHUM - PRODUCTION, MEASURED IN BU",TOTAL,NOT SPECIFIED,"790,000",
SURVEY,2004,YEAR,,COUNTY,TEXAS,48,BLACKLANDS,40,COLLIN,85,,,0,,SORGHUM,"SORGHUM, NON-IRRIGATED - PRODUCTION, MEASURED IN BU",TOTAL,NOT SPECIFIED,"790,000",
SURVEY,2003,YEAR,,COUNTY,TEXAS,48,BLACKLANDS,40,COLLIN,85,,,0,,SORGHUM,"SORGHUM - PRODUCTION, MEASURED IN BU",TOTAL,NOT SPECIFIED,"1,027,000",
SURVEY,2003,YEAR,,COUNTY,TEXAS,48,BLACKLANDS,40,COLLIN,85,,,0,,SORGHUM,"SORGHUM, NON-IRRIGATED - PRODUCTION, MEASURED IN BU",TOTAL,NOT SPECIFIED,"1,027,000",
SURVEY,2002,YEAR,,COUNTY,TEXAS,48,BLACKLANDS,40,COLLIN,85,,,0,,SORGHUM,"SORGHUM - PRODUCTION, MEASURED IN BU",TOTAL,NOT SPECIFIED,"930,000",
SURVEY,2002,YEAR,,COUNTY,TEXAS,48,BLACKLANDS,40,COLLIN,85,,,0,,SORGHUM,"SORGHUM, NON-IRRIGATED - PRODUCTION, MEASURED IN BU",TOTAL,NOT SPECIFIED,"930,000",
SURVEY,2001,YEAR,,COUNTY,TEXAS,48,BLACKLANDS,40,COLLIN,85,,,0,,SORGHUM,"SORGHUM - PRODUCTION, MEASURED IN BU",TOTAL,NOT SPECIFIED,"1,187,000",
SURVEY,2001,YEAR,,COUNTY,TEXAS,48,BLACKLANDS,40,COLLIN,85,,,0,,SORGHUM,"SORGHUM, NON-IRRIGATED - PRODUCTION, MEASURED IN BU",TOTAL,NOT SPECIFIED,"1,187,000",
SURVEY,2000,YEAR,,COUNTY,TEXAS,48,BLACKLANDS,40,COLLIN,85,,,0,,SORGHUM,"SORGHUM - PRODUCTION, MEASURED IN BU",TOTAL,NOT SPECIFIED,"1,339,000",
SURVEY,2000,YEAR,,COUNTY,TEXAS,48,BLACKLANDS,40,COLLIN,85,,,0,,SORGHUM,"SORGHUM, NON-IRRIGATED - PRODUCTION, MEASURED IN BU",TOTAL,NOT SPECIFIED,"1,339,000",
SURVEY,1999,YEAR,,COUNTY,TEXAS,48,BLACKLANDS,40,COLLIN,85,,,0,,SORGHUM,"SORGHUM - PRODUCTION, MEASURED IN BU",TOTAL,NOT SPECIFIED,"1,905,000",
SURVEY,1999,YEAR,,COUNTY,TEXAS,48,BLACKLANDS,40,COLLIN,85,,,0,,SORGHUM,"SORGHUM, NON-IRRIGATED - PRODUCTION, MEASURED IN BU",TOTAL,NOT SPECIFIED,"1,905,000",
SURVEY,1998,YEAR,,COUNTY,TEXAS,48,BLACKLANDS,40,COLLIN,85,,,0,,SORGHUM,"SORGHUM - PRODUCTION, MEASURED IN BU",TOTAL,NOT SPECIFIED,"928,000",
SURVEY,1998,YEAR,,COUNTY,TEXAS,48,BLACKLANDS,40,COLLIN,85,,,0,,SORGHUM,"SORGHUM, NON-IRRIGATED - PRODUCTION, MEASURED IN BU",TOTAL,NOT SPECIFIED,"928,000",
SURVEY,1997,YEAR,,COUNTY,TEXAS,48,BLACKLANDS,40,COLLIN,85,,,0,,SORGHUM,"SORGHUM - PRODUCTION, MEASURED IN BU",TOTAL,NOT SPECIFIED,"2,607,000",
SURVEY,1997,YEAR,,COUNTY,TEXAS,48,BLACKLANDS,40,COLLIN,85,,,0,,SORGHUM,"SORGHUM, NON-IRRIGATED - PRODUCTION, MEASURED IN BU",TOTAL,NOT SPECIFIED,"2,607,000",
SURVEY,1996,YEAR,,COUNTY,TEXAS,48,BLACKLANDS,40,COLLIN,85,,,0,,SORGHUM,"SORGHUM - PRODUCTION, MEASURED IN BU",TOTAL,NOT SPECIFIED,"1,495,000",
SURVEY,1996,YEAR,,COUNTY,TEXAS,48,BLACKLANDS,40,COLLIN,85,,,0,,SORGHUM,"SORGHUM, NON-IRRIGATED - PRODUCTION, MEASURED IN BU",TOTAL,NOT SPECIFIED,"1,490,000",
SURVEY,1995,YEAR,,COUNTY,TEXAS,48,BLACKLANDS,40,COLLIN,85,,,0,,SORGHUM,"SORGHUM - PRODUCTION, MEASURED IN BU",TOTAL,NOT SPECIFIED,"838,000",
SURVEY,1995,YEAR,,COUNTY,TEXAS,48,BLACKLANDS,40,COLLIN,85,,,0,,SORGHUM,"SORGHUM, NON-IRRIGATED - PRODUCTION, MEASURED IN BU",TOTAL,NOT SPECIFIED,"831,000",
SURVEY,2016,YEAR,,COUNTY,TEXAS,48,BLACKLANDS,40,COLLIN,85,,,0,,SORGHUM,"SORGHUM - YIELD, MEASURED IN BU / ACRE",TOTAL,NOT SPECIFIED,59.7,
SURVEY,2015,YEAR,,COUNTY,TEXAS,48,BLACKLANDS,40,COLLIN,85,,,0,,SORGHUM,"SORGHUM - YIELD, MEASURED IN BU / ACRE",TOTAL,NOT SPECIFIED,50.4,
SURVEY,2015,YEAR,,COUNTY,TEXAS,48,BLACKLANDS,40,COLLIN,85,,,0,,SORGHUM,"SORGHUM, NON-IRRIGATED - YIELD, MEASURED IN BU / ACRE",TOTAL,NOT SPECIFIED,50.4,
SURVEY,2014,YEAR,,COUNTY,TEXAS,48,BLACKLANDS,40,COLLIN,85,,,0,,SORGHUM,"SORGHUM - YIELD, MEASURED IN BU / ACRE",TOTAL,NOT SPECIFIED,75.8,
SURVEY,2013,YEAR,,COUNTY,TEXAS,48,BLACKLANDS,40,COLLIN,85,,,0,,SORGHUM,"SORGHUM - YIELD, MEASURED IN BU / ACRE",TOTAL,NOT SPECIFIED,70.7,
SURVEY,2012,YEAR,,COUNTY,TEXAS,48,BLACKLANDS,40,COLLIN,85,,,0,,SORGHUM,"SORGHUM - YIELD, MEASURED IN BU / ACRE",TOTAL,NOT SPECIFIED,43.6,
SURVEY,2011,YEAR,,COUNTY,TEXAS,48,BLACKLANDS,40,COLLIN,85,,,0,,SORGHUM,"SORGHUM - YIELD, MEASURED IN BU / ACRE",TOTAL,NOT SPECIFIED,47.6,
SURVEY,2011,YEAR,,COUNTY,TEXAS,48,BLACKLANDS,40,COLLIN,85,,,0,,SORGHUM,"SORGHUM, NON-IRRIGATED - YIELD, MEASURED IN BU / ACRE",TOTAL,NOT SPECIFIED,47.6,
SURVEY,2010,YEAR,,COUNTY,TEXAS,48,BLACKLANDS,40,COLLIN,85,,,0,,SORGHUM,"SORGHUM - YIELD, MEASURED IN BU / ACRE",TOTAL,NOT SPECIFIED,52.3,
SURVEY,2009,YEAR,,COUNTY,TEXAS,48,BLACKLANDS,40,COLLIN,85,,,0,,SORGHUM,"SORGHUM - YIELD, MEASURED IN BU / ACRE",TOTAL,NOT SPECIFIED,48,
SURVEY,2008,YEAR,,COUNTY,TEXAS,48,BLACKLANDS,40,COLLIN,85,,,0,,SORGHUM,"SORGHUM - YIELD, MEASURED IN BU / ACRE",TOTAL,NOT SPECIFIED,66,
SURVEY,2008,YEAR,,COUNTY,TEXAS,48,BLACKLANDS,40,COLLIN,85,,,0,,SORGHUM,"SORGHUM, NON-IRRIGATED - YIELD, MEASURED IN BU / ACRE",TOTAL,NOT SPECIFIED,66,
SURVEY,2007,YEAR,,COUNTY,TEXAS,48,BLACKLANDS,40,COLLIN,85,,,0,,SORGHUM,"SORGHUM - YIELD, MEASURED IN BU / ACRE",TOTAL,NOT SPECIFIED,61,
SURVEY,2006,YEAR,,COUNTY,TEXAS,48,BLACKLANDS,40,COLLIN,85,,,0,,SORGHUM,"SORGHUM - YIELD, MEASURED IN BU / ACRE",TOTAL,NOT SPECIFIED,37,
SURVEY,2005,YEAR,,COUNTY,TEXAS,48,BLACKLANDS,40,COLLIN,85,,,0,,SORGHUM,"SORGHUM - YIELD, MEASURED IN BU / ACRE",TOTAL,NOT SPECIFIED,63.5,
SURVEY,2004,YEAR,,COUNTY,TEXAS,48,BLACKLANDS,40,COLLIN,85,,,0,,SORGHUM,"SORGHUM - YIELD, MEASURED IN BU / ACRE",TOTAL,NOT SPECIFIED,77.5,
SURVEY,2004,YEAR,,COUNTY,TEXAS,48,BLACKLANDS,40,COLLIN,85,,,0,,SORGHUM,"SORGHUM, NON-IRRIGATED - YIELD, MEASURED IN BU / ACRE",TOTAL,NOT SPECIFIED,77.5,
SURVEY,2003,YEAR,,COUNTY,TEXAS,48,BLACKLANDS,40,COLLIN,85,,,0,,SORGHUM,"SORGHUM - YIELD, MEASURED IN BU / ACRE",TOTAL,NOT SPECIFIED,82.2,
SURVEY,2003,YEAR,,COUNTY,TEXAS,48,BLACKLANDS,40,COLLIN,85,,,0,,SORGHUM,"SORGHUM, NON-IRRIGATED - YIELD, MEASURED IN BU / ACRE",TOTAL,NOT SPECIFIED,82.2,
SURVEY,2002,YEAR,,COUNTY,TEXAS,48,BLACKLANDS,40,COLLIN,85,,,0,,SORGHUM,"SORGHUM - YIELD, MEASURED IN BU / ACRE",TOTAL,NOT SPECIFIED,71.5,
SURVEY,2002,YEAR,,COUNTY,TEXAS,48,BLACKLANDS,40,COLLIN,85,,,0,,SORGHUM,"SORGHUM, NON-IRRIGATED - YIELD, MEASURED IN BU / ACRE",TOTAL,NOT SPECIFIED,71.5,
SURVEY,2001,YEAR,,COUNTY,TEXAS,48,BLACKLANDS,40,COLLIN,85,,,0,,SORGHUM,"SORGHUM - YIELD, MEASURED IN BU / ACRE",TOTAL,NOT SPECIFIED,80.2,
SURVEY,2001,YEAR,,COUNTY,TEXAS,48,BLACKLANDS,40,COLLIN,85,,,0,,SORGHUM,"SORGHUM, NON-IRRIGATED - YIELD, MEASURED IN BU / ACRE",TOTAL,NOT SPECIFIED,80.2,
SURVEY,2000,YEAR,,COUNTY,TEXAS,48,BLACKLANDS,40,COLLIN,85,,,0,,SORGHUM,"SORGHUM - YIELD, MEASURED IN BU / ACRE",TOTAL,NOT SPECIFIED,85.8,
SURVEY,2000,YEAR,,COUNTY,TEXAS,48,BLACKLANDS,40,COLLIN,85,,,0,,SORGHUM,"SORGHUM, NON-IRRIGATED - YIELD, MEASURED IN BU / ACRE",TOTAL,NOT SPECIFIED,85.8,
SURVEY,1999,YEAR,,COUNTY,TEXAS,48,BLACKLANDS,40,COLLIN,85,,,0,,SORGHUM,"SORGHUM - YIELD, MEASURED IN BU / ACRE",TOTAL,NOT SPECIFIED,68,
SURVEY,1999,YEAR,,COUNTY,TEXAS,48,BLACKLANDS,40,COLLIN,85,,,0,,SORGHUM,"SORGHUM, NON-IRRIGATED - YIELD, MEASURED IN BU / ACRE",TOTAL,NOT SPECIFIED,68,
SURVEY,1998,YEAR,,COUNTY,TEXAS,48,BLACKLANDS,40,COLLIN,85,,,0,,SORGHUM,"SORGHUM - YIELD, MEASURED IN BU / ACRE",TOTAL,NOT SPECIFIED,50.4,
SURVEY,1998,YEAR,,COUNTY,TEXAS,48,BLACKLANDS,40,COLLIN,85,,,0,,SORGHUM,"SORGHUM, NON-IRRIGATED - YIELD, MEASURED IN BU / ACRE",TOTAL,NOT SPECIFIED,50.4,
SURVEY,1997,YEAR,,COUNTY,TEXAS,48,BLACKLANDS,40,COLLIN,85,,,0,,SORGHUM,"SORGHUM - YIELD, MEASURED IN BU / ACRE",TOTAL,NOT SPECIFIED,66,
SURVEY,1997,YEAR,,COUNTY,TEXAS,48,BLACKLANDS,40,COLLIN,85,,,0,,SORGHUM,"SORGHUM, NON-IRRIGATED - YIELD, MEASURED IN BU / ACRE",TOTAL,NOT SPECIFIED,66,
SURVEY,1996,YEAR,,COUNTY,TEXAS,48,BLACKLANDS,40,COLLIN,85,,,0,,SORGHUM,"SORGHUM - YIELD, MEASURED IN BU / ACRE",TOTAL,NOT SPECIFIED,52.6,
SURVEY,1996,YEAR,,COUNTY,TEXAS,48,BLACKLANDS,40,COLLIN,85,,,0,,SORGHUM,"SORGHUM, NON-IRRIGATED - YIELD, MEASURED IN BU / ACRE",TOTAL,NOT SPECIFIED,52.7,
SURVEY,1995,YEAR,,COUNTY,TEXAS,48,BLACKLANDS,40,COLLIN,85,,,0,,SORGHUM,"SORGHUM - YIELD, MEASURED IN BU / ACRE",TOTAL,NOT SPECIFIED,51.4,
SURVEY,1995,YEAR,,COUNTY,TEXAS,48,BLACKLANDS,40,COLLIN,85,,,0,,SORGHUM,"SORGHUM, NON-IRRIGATED - YIELD, MEASURED IN BU / ACRE",TOTAL,NOT SPECIFIED,51.3,
SURVEY,2016,YEAR,,COUNTY,TEXAS,48,BLACKLANDS,40,COLLIN,85,,,0,,CORN,CORN - ACRES PLANTED,TOTAL,NOT SPECIFIED,"27,000",
SURVEY,2015,YEAR,,COUNTY,TEXAS,48,BLACKLANDS,40,COLLIN,85,,,0,,CORN,CORN - ACRES PLANTED,TOTAL,NOT SPECIFIED,"7,500",
SURVEY,2014,YEAR,,COUNTY,TEXAS,48,BLACKLANDS,40,COLLIN,85,,,0,,CORN,CORN - ACRES PLANTED,TOTAL,NOT SPECIFIED,"23,700",
SURVEY,2013,YEAR,,COUNTY,TEXAS,48,BLACKLANDS,40,COLLIN,85,,,0,,CORN,CORN - ACRES PLANTED,TOTAL,NOT SPECIFIED,"22,700",
SURVEY,2012,YEAR,,COUNTY,TEXAS,48,BLACKLANDS,40,COLLIN,85,,,0,,CORN,CORN - ACRES PLANTED,TOTAL,NOT SPECIFIED,"22,000",
SURVEY,2011,YEAR,,COUNTY,TEXAS,48,BLACKLANDS,40,COLLIN,85,,,0,,CORN,CORN - ACRES PLANTED,TOTAL,NOT SPECIFIED,"21,000",
SURVEY,2010,YEAR,,COUNTY,TEXAS,48,BLACKLANDS,40,COLLIN,85,,,0,,CORN,CORN - ACRES PLANTED,TOTAL,NOT SPECIFIED,"15,100",
SURVEY,2008,YEAR,,COUNTY,TEXAS,48,BLACKLANDS,40,COLLIN,85,,,0,,CORN,CORN - ACRES PLANTED,TOTAL,NOT SPECIFIED,"28,600",
SURVEY,2007,YEAR,,COUNTY,TEXAS,48,BLACKLANDS,40,COLLIN,85,,,0,,CORN,CORN - ACRES PLANTED,TOTAL,NOT SPECIFIED,"23,900",
SURVEY,2006,YEAR,,COUNTY,TEXAS,48,BLACKLANDS,40,COLLIN,85,,,0,,CORN,CORN - ACRES PLANTED,TOTAL,NOT SPECIFIED,"35,900",
SURVEY,2005,YEAR,,COUNTY,TEXAS,48,BLACKLANDS,40,COLLIN,85,,,0,,CORN,CORN - ACRES PLANTED,TOTAL,NOT SPECIFIED,"50,400",
SURVEY,2004,YEAR,,COUNTY,TEXAS,48,BLACKLANDS,40,COLLIN,85,,,0,,CORN,CORN - ACRES PLANTED,TOTAL,NOT SPECIFIED,"39,000",
SURVEY,2003,YEAR,,COUNTY,TEXAS,48,BLACKLANDS,40,COLLIN,85,,,0,,CORN,CORN - ACRES PLANTED,TOTAL,NOT SPECIFIED,"41,500",
SURVEY,2002,YEAR,,COUNTY,TEXAS,48,BLACKLANDS,40,COLLIN,85,,,0,,CORN,CORN - ACRES PLANTED,TOTAL,NOT SPECIFIED,"38,000",
SURVEY,2001,YEAR,,COUNTY,TEXAS,48,BLACKLANDS,40,COLLIN,85,,,0,,CORN,CORN - ACRES PLANTED,TOTAL,NOT SPECIFIED,"1,100",
SURVEY,2000,YEAR,,COUNTY,TEXAS,48,BLACKLANDS,40,COLLIN,85,,,0,,CORN,CORN - ACRES PLANTED,TOTAL,NOT SPECIFIED,"28,100",
SURVEY,1999,YEAR,,COUNTY,TEXAS,48,BLACKLANDS,40,COLLIN,85,,,0,,CORN,CORN - ACRES PLANTED,TOTAL,NOT SPECIFIED,"26,900",
SURVEY,1998,YEAR,,COUNTY,TEXAS,48,BLACKLANDS,40,COLLIN,85,,,0,,CORN,CORN - ACRES PLANTED,TOTAL,NOT SPECIFIED,"28,600",
SURVEY,1997,YEAR,,COUNTY,TEXAS,48,BLACKLANDS,40,COLLIN,85,,,0,,CORN,CORN - ACRES PLANTED,TOTAL,NOT SPECIFIED,"23,200",
SURVEY,1996,YEAR,,COUNTY,TEXAS,48,BLACKLANDS,40,COLLIN,85,,,0,,CORN,CORN - ACRES PLANTED,TOTAL,NOT SPECIFIED,"22,700",
SURVEY,1995,YEAR,,COUNTY,TEXAS,48,BLACKLANDS,40,COLLIN,85,,,0,,CORN,CORN - ACRES PLANTED,TOTAL,NOT SPECIFIED,"21,600",
SURVEY,2016,YEAR,,COUNTY,TEXAS,48,BLACKLANDS,40,COLLIN,85,,,0,,CORN,CORN - ACRES HARVESTED,TOTAL,NOT SPECIFIED,"24,300",
SURVEY,2015,YEAR,,COUNTY,TEXAS,48,BLACKLANDS,40,COLLIN,85,,,0,,CORN,CORN - ACRES HARVESTED,TOTAL,NOT SPECIFIED,"6,000",
SURVEY,2014,YEAR,,COUNTY,TEXAS,48,BLACKLANDS,40,COLLIN,85,,,0,,CORN,CORN - ACRES HARVESTED,TOTAL,NOT SPECIFIED,"23,200",
SURVEY,2013,YEAR,,COUNTY,TEXAS,48,BLACKLANDS,40,COLLIN,85,,,0,,CORN,CORN - ACRES HARVESTED,TOTAL,NOT SPECIFIED,"21,800",
SURVEY,2012,YEAR,,COUNTY,TEXAS,48,BLACKLANDS,40,COLLIN,85,,,0,,CORN,CORN - ACRES HARVESTED,TOTAL,NOT SPECIFIED,"20,000",
SURVEY,2011,YEAR,,COUNTY,TEXAS,48,BLACKLANDS,40,COLLIN,85,,,0,,CORN,CORN - ACRES HARVESTED,TOTAL,NOT SPECIFIED,"17,700",
SURVEY,2010,YEAR,,COUNTY,TEXAS,48,BLACKLANDS,40,COLLIN,85,,,0,,CORN,CORN - ACRES HARVESTED,TOTAL,NOT SPECIFIED,"8,700",
SURVEY,2008,YEAR,,COUNTY,TEXAS,48,BLACKLANDS,40,COLLIN,85,,,0,,CORN,CORN - ACRES HARVESTED,TOTAL,NOT SPECIFIED,"28,300",
SURVEY,2007,YEAR,,COUNTY,TEXAS,48,BLACKLANDS,40,COLLIN,85,,,0,,CORN,CORN - ACRES HARVESTED,TOTAL,NOT SPECIFIED,"22,600",
SURVEY,2006,YEAR,,COUNTY,TEXAS,48,BLACKLANDS,40,COLLIN,85,,,0,,CORN,CORN - ACRES HARVESTED,TOTAL,NOT SPECIFIED,"28,100",
SURVEY,2005,YEAR,,COUNTY,TEXAS,48,BLACKLANDS,40,COLLIN,85,,,0,,CORN,CORN - ACRES HARVESTED,TOTAL,NOT SPECIFIED,"50,000",
SURVEY,2004,YEAR,,COUNTY,TEXAS,48,BLACKLANDS,40,COLLIN,85,,,0,,CORN,CORN - ACRES HARVESTED,TOTAL,NOT SPECIFIED,"38,500",
SURVEY,2003,YEAR,,COUNTY,TEXAS,48,BLACKLANDS,40,COLLIN,85,,,0,,CORN,CORN - ACRES HARVESTED,TOTAL,NOT SPECIFIED,"40,900",
SURVEY,2002,YEAR,,COUNTY,TEXAS,48,BLACKLANDS,40,COLLIN,85,,,0,,CORN,CORN - ACRES HARVESTED,TOTAL,NOT SPECIFIED,"35,300",
SURVEY,2001,YEAR,,COUNTY,TEXAS,48,BLACKLANDS,40,COLLIN,85,,,0,,CORN,CORN - ACRES HARVESTED,TOTAL,NOT SPECIFIED,"1,100",
SURVEY,2000,YEAR,,COUNTY,TEXAS,48,BLACKLANDS,40,COLLIN,85,,,0,,CORN,CORN - ACRES HARVESTED,TOTAL,NOT SPECIFIED,"26,900",
SURVEY,1999,YEAR,,COUNTY,TEXAS,48,BLACKLANDS,40,COLLIN,85,,,0,,CORN,CORN - ACRES HARVESTED,TOTAL,NOT SPECIFIED,"25,100",
SURVEY,1998,YEAR,,COUNTY,TEXAS,48,BLACKLANDS,40,COLLIN,85,,,0,,CORN,CORN - ACRES HARVESTED,TOTAL,NOT SPECIFIED,"23,700",
SURVEY,1997,YEAR,,COUNTY,TEXAS,48,BLACKLANDS,40,COLLIN,85,,,0,,CORN,CORN - ACRES HARVESTED,TOTAL,NOT SPECIFIED,"21,700",
SURVEY,1996,YEAR,,COUNTY,TEXAS,48,BLACKLANDS,40,COLLIN,85,,,0,,CORN,CORN - ACRES HARVESTED,TOTAL,NOT SPECIFIED,"21,900",
SURVEY,1995,YEAR,,COUNTY,TEXAS,48,BLACKLANDS,40,COLLIN,85,,,0,,CORN,CORN - ACRES HARVESTED,TOTAL,NOT SPECIFIED,"19,200",
SURVEY,2016,YEAR,,COUNTY,TEXAS,48,BLACKLANDS,40,COLLIN,85,,,0,,CORN,"CORN - PRODUCTION, MEASURED IN BU",TOTAL,NOT SPECIFIED,"1,823,000",
SURVEY,2015,YEAR,,COUNTY,TEXAS,48,BLACKLANDS,40,COLLIN,85,,,0,,CORN,"CORN - PRODUCTION, MEASURED IN BU",TOTAL,NOT SPECIFIED,"233,000",
SURVEY,2014,YEAR,,COUNTY,TEXAS,48,BLACKLANDS,40,COLLIN,85,,,0,,CORN,"CORN - PRODUCTION, MEASURED IN BU",TOTAL,NOT SPECIFIED,"2,803,000",
SURVEY,2013,YEAR,,COUNTY,TEXAS,48,BLACKLANDS,40,COLLIN,85,,,0,,CORN,"CORN - PRODUCTION, MEASURED IN BU",TOTAL,NOT SPECIFIED,"1,984,500",
SURVEY,2012,YEAR,,COUNTY,TEXAS,48,BLACKLANDS,40,COLLIN,85,,,0,,CORN,"CORN - PRODUCTION, MEASURED IN BU",TOTAL,NOT SPECIFIED,"1,745,000",
SURVEY,2011,YEAR,,COUNTY,TEXAS,48,BLACKLANDS,40,COLLIN,85,,,0,,CORN,"CORN - PRODUCTION, MEASURED IN BU",TOTAL,NOT SPECIFIED,"1,052,000",
SURVEY,2010,YEAR,,COUNTY,TEXAS,48,BLACKLANDS,40,COLLIN,85,,,0,,CORN,"CORN - PRODUCTION, MEASURED IN BU",TOTAL,NOT SPECIFIED,"505,000",
SURVEY,2008,YEAR,,COUNTY,TEXAS,48,BLACKLANDS,40,COLLIN,85,,,0,,CORN,"CORN - PRODUCTION, MEASURED IN BU",TOTAL,NOT SPECIFIED,"1,397,000",
SURVEY,2007,YEAR,,COUNTY,TEXAS,48,BLACKLANDS,40,COLLIN,85,,,0,,CORN,"CORN - PRODUCTION, MEASURED IN BU",TOTAL,NOT SPECIFIED,"2,486,000",
SURVEY,2006,YEAR,,COUNTY,TEXAS,48,BLACKLANDS,40,COLLIN,85,,,0,,CORN,"CORN - PRODUCTION, MEASURED IN BU",TOTAL,NOT SPECIFIED,"1,195,000",
SURVEY,2005,YEAR,,COUNTY,TEXAS,48,BLACKLANDS,40,COLLIN,85,,,0,,CORN,"CORN - PRODUCTION, MEASURED IN BU",TOTAL,NOT SPECIFIED,"3,018,000",
SURVEY,2004,YEAR,,COUNTY,TEXAS,48,BLACKLANDS,40,COLLIN,85,,,0,,CORN,"CORN - PRODUCTION, MEASURED IN BU",TOTAL,NOT SPECIFIED,"3,800,000",
SURVEY,2003,YEAR,,COUNTY,TEXAS,48,BLACKLANDS,40,COLLIN,85,,,0,,CORN,"CORN - PRODUCTION, MEASURED IN BU",TOTAL,NOT SPECIFIED,"4,750,000",
SURVEY,2002,YEAR,,COUNTY,TEXAS,48,BLACKLANDS,40,COLLIN,85,,,0,,CORN,"CORN - PRODUCTION, MEASURED IN BU",TOTAL,NOT SPECIFIED,"2,955,000",
SURVEY,2001,YEAR,,COUNTY,TEXAS,48,BLACKLANDS,40,COLLIN,85,,,0,,CORN,"CORN - PRODUCTION, MEASURED IN BU",TOTAL,NOT SPECIFIED,"78,000",
SURVEY,2000,YEAR,,COUNTY,TEXAS,48,BLACKLANDS,40,COLLIN,85,,,0,,CORN,"CORN - PRODUCTION, MEASURED IN BU",TOTAL,NOT SPECIFIED,"2,701,000",
SURVEY,1999,YEAR,,COUNTY,TEXAS,48,BLACKLANDS,40,COLLIN,85,,,0,,CORN,"CORN - PRODUCTION, MEASURED IN BU",TOTAL,NOT SPECIFIED,"1,923,000",
SURVEY,1998,YEAR,,COUNTY,TEXAS,48,BLACKLANDS,40,COLLIN,85,,,0,,CORN,"CORN - PRODUCTION, MEASURED IN BU",TOTAL,NOT SPECIFIED,"674,000",
SURVEY,1997,YEAR,,COUNTY,TEXAS,48,BLACKLANDS,40,COLLIN,85,,,0,,CORN,"CORN - PRODUCTION, MEASURED IN BU",TOTAL,NOT SPECIFIED,"1,966,000",
SURVEY,1996,YEAR,,COUNTY,TEXAS,48,BLACKLANDS,40,COLLIN,85,,,0,,CORN,"CORN - PRODUCTION, MEASURED IN BU",TOTAL,NOT SPECIFIED,"1,151,000",
SURVEY,1995,YEAR,,COUNTY,TEXAS,48,BLACKLANDS,40,COLLIN,85,,,0,,CORN,"CORN - PRODUCTION, MEASURED IN BU",TOTAL,NOT SPECIFIED,"1,185,000",
SURVEY,2016,YEAR,,COUNTY,TEXAS,48,BLACKLANDS,40,COLLIN,85,,,0,,CORN,"CORN - YIELD, MEASURED IN BU / ACRE",TOTAL,NOT SPECIFIED,75,
SURVEY,2015,YEAR,,COUNTY,TEXAS,48,BLACKLANDS,40,COLLIN,85,,,0,,CORN,"CORN - YIELD, MEASURED IN BU / ACRE",TOTAL,NOT SPECIFIED,38.8,
SURVEY,2014,YEAR,,COUNTY,TEXAS,48,BLACKLANDS,40,COLLIN,85,,,0,,CORN,"CORN - YIELD, MEASURED IN BU / ACRE",TOTAL,NOT SPECIFIED,120.8,
SURVEY,2013,YEAR,,COUNTY,TEXAS,48,BLACKLANDS,40,COLLIN,85,,,0,,CORN,"CORN - YIELD, MEASURED IN BU / ACRE",TOTAL,NOT SPECIFIED,91,
SURVEY,2012,YEAR,,COUNTY,TEXAS,48,BLACKLANDS,40,COLLIN,85,,,0,,CORN,"CORN - YIELD, MEASURED IN BU / ACRE",TOTAL,NOT SPECIFIED,87.3,
SURVEY,2011,YEAR,,COUNTY,TEXAS,48,BLACKLANDS,40,COLLIN,85,,,0,,CORN,"CORN - YIELD, MEASURED IN BU / ACRE",TOTAL,NOT SPECIFIED,59.4,
SURVEY,2010,YEAR,,COUNTY,TEXAS,48,BLACKLANDS,40,COLLIN,85,,,0,,CORN,"CORN - YIELD, MEASURED IN BU / ACRE",TOTAL,NOT SPECIFIED,58,
SURVEY,2008,YEAR,,COUNTY,TEXAS,48,BLACKLANDS,40,COLLIN,85,,,0,,CORN,"CORN - YIELD, MEASURED IN BU / ACRE",TOTAL,NOT SPECIFIED,49,
SURVEY,2007,YEAR,,COUNTY,TEXAS,48,BLACKLANDS,40,COLLIN,85,,,0,,CORN,"CORN - YIELD, MEASURED IN BU / ACRE",TOTAL,NOT SPECIFIED,110,
SURVEY,2006,YEAR,,COUNTY,TEXAS,48,BLACKLANDS,40,COLLIN,85,,,0,,CORN,"CORN - YIELD, MEASURED IN BU / ACRE",TOTAL,NOT SPECIFIED,43,
SURVEY,2005,YEAR,,COUNTY,TEXAS,48,BLACKLANDS,40,COLLIN,85,,,0,,CORN,"CORN - YIELD, MEASURED IN BU / ACRE",TOTAL,NOT SPECIFIED,60.4,
SURVEY,2004,YEAR,,COUNTY,TEXAS,48,BLACKLANDS,40,COLLIN,85,,,0,,CORN,"CORN - YIELD, MEASURED IN BU / ACRE",TOTAL,NOT SPECIFIED,98.7,
SURVEY,2003,YEAR,,COUNTY,TEXAS,48,BLACKLANDS,40,COLLIN,85,,,0,,CORN,"CORN - YIELD, MEASURED IN BU / ACRE",TOTAL,NOT SPECIFIED,116.1,
SURVEY,2002,YEAR,,COUNTY,TEXAS,48,BLACKLANDS,40,COLLIN,85,,,0,,CORN,"CORN - YIELD, MEASURED IN BU / ACRE",TOTAL,NOT SPECIFIED,83.7,
SURVEY,2001,YEAR,,COUNTY,TEXAS,48,BLACKLANDS,40,COLLIN,85,,,0,,CORN,"CORN - YIELD, MEASURED IN BU / ACRE",TOTAL,NOT SPECIFIED,70.9,
SURVEY,2000,YEAR,,COUNTY,TEXAS,48,BLACKLANDS,40,COLLIN,85,,,0,,CORN,"CORN - YIELD, MEASURED IN BU / ACRE",TOTAL,NOT SPECIFIED,100.4,
SURVEY,1999,YEAR,,COUNTY,TEXAS,48,BLACKLANDS,40,COLLIN,85,,,0,,CORN,"CORN - YIELD, MEASURED IN BU / ACRE",TOTAL,NOT SPECIFIED,76.6,
SURVEY,1998,YEAR,,COUNTY,TEXAS,48,BLACKLANDS,40,COLLIN,85,,,0,,CORN,"CORN - YIELD, MEASURED IN BU / ACRE",TOTAL,NOT SPECIFIED,28.4,
SURVEY,1997,YEAR,,COUNTY,TEXAS,48,BLACKLANDS,40,COLLIN,85,,,0,,CORN,"CORN - YIELD, MEASURED IN BU / ACRE",TOTAL,NOT SPECIFIED,90.6,
SURVEY,1996,YEAR,,COUNTY,TEXAS,48,BLACKLANDS,40,COLLIN,85,,,0,,CORN,"CORN - YIELD, MEASURED IN BU / ACRE",TOTAL,NOT SPECIFIED,52.6,
SURVEY,1995,YEAR,,COUNTY,TEXAS,48,BLACKLANDS,40,COLLIN,85,,,0,,CORN,"CORN - YIELD, MEASURED IN BU / ACRE",TOTAL,NOT SPECIFIED,61.7,
SURVEY,2016,YEAR,,COUNTY,TEXAS,48,BLACKLANDS,40,COLLIN,85,,,0,,CORN,"CORN, NON-IRRIGATED - ACRES HARVESTED",TOTAL,NOT SPECIFIED,"24,300",
SURVEY,2015,YEAR,,COUNTY,TEXAS,48,BLACKLANDS,40,COLLIN,85,,,0,,CORN,"CORN, NON-IRRIGATED - ACRES HARVESTED",TOTAL,NOT SPECIFIED,"6,000",
SURVEY,2014,YEAR,,COUNTY,TEXAS,48,BLACKLANDS,40,COLLIN,85,,,0,,CORN,"CORN, NON-IRRIGATED - ACRES HARVESTED",TOTAL,NOT SPECIFIED,"23,200",
SURVEY,2012,YEAR,,COUNTY,TEXAS,48,BLACKLANDS,40,COLLIN,85,,,0,,CORN,"CORN, NON-IRRIGATED - ACRES HARVESTED",TOTAL,NOT SPECIFIED,"20,000",
SURVEY,2011,YEAR,,COUNTY,TEXAS,48,BLACKLANDS,40,COLLIN,85,,,0,,CORN,"CORN, NON-IRRIGATED - ACRES HARVESTED",TOTAL,NOT SPECIFIED,"17,700",
SURVEY,2016,YEAR,,COUNTY,TEXAS,48,BLACKLANDS,40,COLLIN,85,,,0,,CORN,"CORN, NON-IRRIGATED - PRODUCTION, MEASURED IN BU",TOTAL,NOT SPECIFIED,"1,823,000",
SURVEY,2015,YEAR,,COUNTY,TEXAS,48,BLACKLANDS,40,COLLIN,85,,,0,,CORN,"CORN, NON-IRRIGATED - PRODUCTION, MEASURED IN BU",TOTAL,NOT SPECIFIED,"233,000",
SURVEY,2014,YEAR,,COUNTY,TEXAS,48,BLACKLANDS,40,COLLIN,85,,,0,,CORN,"CORN, NON-IRRIGATED - PRODUCTION, MEASURED IN BU",TOTAL,NOT SPECIFIED,"2,803,000",
SURVEY,2012,YEAR,,COUNTY,TEXAS,48,BLACKLANDS,40,COLLIN,85,,,0,,CORN,"CORN, NON-IRRIGATED - PRODUCTION, MEASURED IN BU",TOTAL,NOT SPECIFIED,"1,745,000",
SURVEY,2011,YEAR,,COUNTY,TEXAS,48,BLACKLANDS,40,COLLIN,85,,,0,,CORN,"CORN, NON-IRRIGATED - PRODUCTION, MEASURED IN BU",TOTAL,NOT SPECIFIED,"1,052,000",
SURVEY,2016,YEAR,,COUNTY,TEXAS,48,BLACKLANDS,40,COLLIN,85,,,0,,CORN,"CORN, NON-IRRIGATED - YIELD, MEASURED IN BU / ACRE",TOTAL,NOT SPECIFIED,75,
SURVEY,2015,YEAR,,COUNTY,TEXAS,48,BLACKLANDS,40,COLLIN,85,,,0,,CORN,"CORN, NON-IRRIGATED - YIELD, MEASURED IN BU / ACRE",TOTAL,NOT SPECIFIED,38.8,
SURVEY,2014,YEAR,,COUNTY,TEXAS,48,BLACKLANDS,40,COLLIN,85,,,0,,CORN,"CORN, NON-IRRIGATED - YIELD, MEASURED IN BU / ACRE",TOTAL,NOT SPECIFIED,120.8,
SURVEY,2012,YEAR,,COUNTY,TEXAS,48,BLACKLANDS,40,COLLIN,85,,,0,,CORN,"CORN, NON-IRRIGATED - YIELD, MEASURED IN BU / ACRE",TOTAL,NOT SPECIFIED,87.3,
SURVEY,2011,YEAR,,COUNTY,TEXAS,48,BLACKLANDS,40,COLLIN,85,,,0,,CORN,"CORN, NON-IRRIGATED - YIELD, MEASURED IN BU / ACRE",TOTAL,NOT SPECIFIED,59.4,
SURVEY,2016,YEAR,,COUNTY,TEXAS,48,BLACKLANDS,40,COLLIN,85,,,0,,CORN,"CORN, NON-IRRIGATED - ACRES PLANTED",TOTAL,NOT SPECIFIED,"27,000",
SURVEY,2015,YEAR,,COUNTY,TEXAS,48,BLACKLANDS,40,COLLIN,85,,,0,,CORN,"CORN, NON-IRRIGATED - ACRES PLANTED",TOTAL,NOT SPECIFIED,"7,500",
SURVEY,2014,YEAR,,COUNTY,TEXAS,48,BLACKLANDS,40,COLLIN,85,,,0,,CORN,"CORN, NON-IRRIGATED - ACRES PLANTED",TOTAL,NOT SPECIFIED,"23,700",
SURVEY,2012,YEAR,,COUNTY,TEXAS,48,BLACKLANDS,40,COLLIN,85,,,0,,CORN,"CORN, NON-IRRIGATED - ACRES PLANTED",TOTAL,NOT SPECIFIED,"22,000",
SURVEY,2011,YEAR,,COUNTY,TEXAS,48,BLACKLANDS,40,COLLIN,85,,,0,,CORN,"CORN, NON-IRRIGATED - ACRES PLANTED",TOTAL,NOT SPECIFIED,"21,000",
SURVEY,1988,YEAR,,COUNTY,TEXAS,48,SOUTHERN HIGH PLAINS,12,COLLIN,17,,,0,,CORN,"CORN, IRRIGATED - ACRES HARVESTED",TOTAL,NOT SPECIFIED,"15,100",
SURVEY,1988,YEAR,,COUNTY,TEXAS,48,SOUTHERN HIGH PLAINS,12,COLLIN,17,,,0,,CORN,"CORN, IRRIGATED - PRODUCTION, MEASURED IN BU",TOTAL,NOT SPECIFIED,"2,261,600",
SURVEY,1988,YEAR,,COUNTY,TEXAS,48,SOUTHERN HIGH PLAINS,12,COLLIN,17,,,0,,CORN,"CORN, IRRIGATED - YIELD, MEASURED IN BU / ACRE",TOTAL,NOT SPECIFIED,149.8,
SURVEY,1988,YEAR,,COUNTY,TEXAS,48,SOUTHERN HIGH PLAINS,12,COLLIN,17,,,0,,CORN,"CORN, IRRIGATED - ACRES PLANTED",TOTAL,NOT SPECIFIED,"15,800",
SURVEY,1986,YEAR,,COUNTY,TEXAS,48,SOUTHERN HIGH PLAINS,12,COLLIN,17,,,0,,CORN,"CORN, IRRIGATED - ACRES HARVESTED",TOTAL,NOT SPECIFIED,"16,100",
SURVEY,1986,YEAR,,COUNTY,TEXAS,48,SOUTHERN HIGH PLAINS,12,COLLIN,17,,,0,,CORN,"CORN, IRRIGATED - PRODUCTION, MEASURED IN BU",TOTAL,NOT SPECIFIED,"2,729,500",
SURVEY,1986,YEAR,,COUNTY,TEXAS,48,SOUTHERN HIGH PLAINS,12,COLLIN,17,,,0,,CORN,"CORN, IRRIGATED - YIELD, MEASURED IN BU / ACRE",TOTAL,NOT SPECIFIED,169.5,
SURVEY,1986,YEAR,,COUNTY,TEXAS,48,SOUTHERN HIGH PLAINS,12,COLLIN,17,,,0,,CORN,"CORN, IRRIGATED - ACRES PLANTED",TOTAL,NOT SPECIFIED,"18,300",
SURVEY,1985,YEAR,,COUNTY,TEXAS,48,SOUTHERN HIGH PLAINS,12,COLLIN,17,,,0,,CORN,"CORN, IRRIGATED - ACRES HARVESTED",TOTAL,NOT SPECIFIED,"19,000",
SURVEY,1985,YEAR,,COUNTY,TEXAS,48,SOUTHERN HIGH PLAINS,12,COLLIN,17,,,0,,CORN,"CORN, IRRIGATED - PRODUCTION, MEASURED IN BU",TOTAL,NOT SPECIFIED,"2,297,000",
SURVEY,1985,YEAR,,COUNTY,TEXAS,48,SOUTHERN HIGH PLAINS,12,COLLIN,17,,,0,,CORN,"CORN, IRRIGATED - YIELD, MEASURED IN BU / ACRE",TOTAL,NOT SPECIFIED,120.9,
SURVEY,1985,YEAR,,COUNTY,TEXAS,48,SOUTHERN HIGH PLAINS,12,COLLIN,17,,,0,,CORN,"CORN, IRRIGATED - ACRES PLANTED",TOTAL,NOT SPECIFIED,"19,600",
SURVEY,1984,YEAR,,COUNTY,TEXAS,48,SOUTHERN HIGH PLAINS,12,COLLIN,17,,,0,,CORN,"CORN, IRRIGATED - ACRES HARVESTED",TOTAL,NOT SPECIFIED,"24,700",
SURVEY,1984,YEAR,,COUNTY,TEXAS,48,SOUTHERN HIGH PLAINS,12,COLLIN,17,,,0,,CORN,"CORN, IRRIGATED - PRODUCTION, MEASURED IN BU",TOTAL,NOT SPECIFIED,"3,878,900",
SURVEY,1984,YEAR,,COUNTY,TEXAS,48,SOUTHERN HIGH PLAINS,12,COLLIN,17,,,0,,CORN,"CORN, IRRIGATED - YIELD, MEASURED IN BU / ACRE",TOTAL,NOT SPECIFIED,157,
SURVEY,1984,YEAR,,COUNTY,TEXAS,48,SOUTHERN HIGH PLAINS,12,COLLIN,17,,,0,,CORN,"CORN, IRRIGATED - ACRES PLANTED",TOTAL,NOT SPECIFIED,"30,700",
SURVEY,1983,YEAR,,COUNTY,TEXAS,48,SOUTHERN HIGH PLAINS,12,COLLIN,17,,,0,,CORN,"CORN, IRRIGATED - ACRES HARVESTED",TOTAL,NOT SPECIFIED,"21,100",
SURVEY,1983,YEAR,,COUNTY,TEXAS,48,SOUTHERN HIGH PLAINS,12,COLLIN,17,,,0,,CORN,"CORN, IRRIGATED - PRODUCTION, MEASURED IN BU",TOTAL,NOT SPECIFIED,"2,808,500",
SURVEY,1983,YEAR,,COUNTY,TEXAS,48,SOUTHERN HIGH PLAINS,12,COLLIN,17,,,0,,CORN,"CORN, IRRIGATED - YIELD, MEASURED IN BU / ACRE",TOTAL,NOT SPECIFIED,133.1,
SURVEY,1983,YEAR,,COUNTY,TEXAS,48,SOUTHERN HIGH PLAINS,12,COLLIN,17,,,0,,CORN,"CORN, IRRIGATED - ACRES PLANTED",TOTAL,NOT SPECIFIED,"24,800",
SURVEY,1982,YEAR,,COUNTY,TEXAS,48,SOUTHERN HIGH PLAINS,12,COLLIN,17,,,0,,CORN,"CORN, IRRIGATED - ACRES HARVESTED",TOTAL,NOT SPECIFIED,"41,100",
SURVEY,1982,YEAR,,COUNTY,TEXAS,48,SOUTHERN HIGH PLAINS,12,COLLIN,17,,,0,,CORN,"CORN, IRRIGATED - PRODUCTION, MEASURED IN BU",TOTAL,NOT SPECIFIED,"5,293,200",
SURVEY,1982,YEAR,,COUNTY,TEXAS,48,SOUTHERN HIGH PLAINS,12,COLLIN,17,,,0,,CORN,"CORN, IRRIGATED - YIELD, MEASURED IN BU / ACRE",TOTAL,NOT SPECIFIED,128.8,
SURVEY,1982,YEAR,,COUNTY,TEXAS,48,SOUTHERN HIGH PLAINS,12,COLLIN,17,,,0,,CORN,"CORN, IRRIGATED - ACRES PLANTED",TOTAL,NOT SPECIFIED,"44,000",
SURVEY,1981,YEAR,,COUNTY,TEXAS,48,SOUTHERN HIGH PLAINS,12,COLLIN,17,,,0,,CORN,"CORN, IRRIGATED - ACRES HARVESTED",TOTAL,NOT SPECIFIED,"23,600",
SURVEY,1981,YEAR,,COUNTY,TEXAS,48,SOUTHERN HIGH PLAINS,12,COLLIN,17,,,0,,CORN,"CORN, IRRIGATED - PRODUCTION, MEASURED IN BU",TOTAL,NOT SPECIFIED,"2,958,400",
SURVEY,1981,YEAR,,COUNTY,TEXAS,48,SOUTHERN HIGH PLAINS,12,COLLIN,17,,,0,,CORN,"CORN, IRRIGATED - YIELD, MEASURED IN BU / ACRE",TOTAL,NOT SPECIFIED,125.4,
SURVEY,1981,YEAR,,COUNTY,TEXAS,48,SOUTHERN HIGH PLAINS,12,COLLIN,17,,,0,,CORN,"CORN, IRRIGATED - ACRES PLANTED",TOTAL,NOT SPECIFIED,"24,700",
CENSUS,2012,YEAR,,COUNTY,TEXAS,48,BLACKLANDS,40,COLLIN,85,,,0,,CORN,"CORN - SALES, MEASURED IN $",TOTAL,NOT SPECIFIED,"14,466,000",15.4
CENSUS,2012,YEAR,,COUNTY,TEXAS,48,BLACKLANDS,40,COLLIN,85,,,0,,SORGHUM,"SORGHUM - SALES, MEASURED IN $",TOTAL,NOT SPECIFIED,"5,537,000",13.9
CENSUS,2012,YEAR,,COUNTY,TEXAS,48,BLACKLANDS,40,COLLIN,85,,,0,,SOYBEANS,"SOYBEANS - SALES, MEASURED IN $",TOTAL,NOT SPECIFIED,"341,000",45.1
CENSUS,2012,YEAR,,COUNTY,TEXAS,48,BLACKLANDS,40,COLLIN,85,,,0,,WHEAT,"WHEAT - SALES, MEASURED IN $",TOTAL,NOT SPECIFIED,"10,887,000",15.8
CENSUS,2007,YEAR,,COUNTY,TEXAS,48,BLACKLANDS,40,COLLIN,85,,,0,,CORN,"CORN - SALES, MEASURED IN $",TOTAL,NOT SPECIFIED,"9,826,000",
CENSUS,2007,YEAR,,COUNTY,TEXAS,48,BLACKLANDS,40,COLLIN,85,,,0,,SORGHUM,"SORGHUM - SALES, MEASURED IN $",TOTAL,NOT SPECIFIED,"3,285,000",
CENSUS,2007,YEAR,,COUNTY,TEXAS,48,BLACKLANDS,40,COLLIN,85,,,0,,SOYBEANS,"SOYBEANS - SALES, MEASURED IN $",TOTAL,NOT SPECIFIED,"89,000",
CENSUS,2007,YEAR,,COUNTY,TEXAS,48,BLACKLANDS,40,COLLIN,85,,,0,,WHEAT,"WHEAT - SALES, MEASURED IN $",TOTAL,NOT SPECIFIED,"5,463,000",
SURVEY,1973,YEAR,,COUNTY,TEXAS,48,BLACKLANDS,40,COLLIN,85,,,0,,SORGHUM,"SORGHUM, IRRIGATED - ACRES HARVESTED",TOTAL,NOT SPECIFIED,"1,100",
SURVEY,1972,YEAR,,COUNTY,TEXAS,48,BLACKLANDS,40,COLLIN,85,,,0,,SORGHUM,"SORGHUM, IRRIGATED - ACRES HARVESTED",TOTAL,NOT SPECIFIED,900,
SURVEY,1973,YEAR,,COUNTY,TEXAS,48,BLACKLANDS,40,COLLIN,85,,,0,,SORGHUM,"SORGHUM, IRRIGATED - PRODUCTION, MEASURED IN BU",TOTAL,NOT SPECIFIED,"64,700",
SURVEY,1972,YEAR,,COUNTY,TEXAS,48,BLACKLANDS,40,COLLIN,85,,,0,,SORGHUM,"SORGHUM, IRRIGATED - PRODUCTION, MEASURED IN BU",TOTAL,NOT SPECIFIED,"43,900",
SURVEY,1973,YEAR,,COUNTY,TEXAS,48,BLACKLANDS,40,COLLIN,85,,,0,,SORGHUM,"SORGHUM, IRRIGATED - YIELD, MEASURED IN BU / ACRE",TOTAL,NOT SPECIFIED,58.8,
SURVEY,1972,YEAR,,COUNTY,TEXAS,48,BLACKLANDS,40,COLLIN,85,,,0,,SORGHUM,"SORGHUM, IRRIGATED - YIELD, MEASURED IN BU / ACRE",TOTAL,NOT SPECIFIED,48.8,
SURVEY,1973,YEAR,,COUNTY,TEXAS,48,BLACKLANDS,40,COLLIN,85,,,0,,SORGHUM,"SORGHUM, IRRIGATED - ACRES PLANTED",TOTAL,NOT SPECIFIED,"1,200",
SURVEY,1972,YEAR,,COUNTY,TEXAS,48,BLACKLANDS,40,COLLIN,85,,,0,,SORGHUM,"SORGHUM, IRRIGATED - ACRES PLANTED",TOTAL,NOT SPECIFIED,"1,300",
SURVEY,2007,YEAR,,COUNTY,TEXAS,48,BLACKLANDS,40,COLLIN,85,,,0,,WHEAT,WHEAT - ACRES HARVESTED,TOTAL,NOT SPECIFIED,"32,200",
SURVEY,2006,YEAR,,COUNTY,TEXAS,48,BLACKLANDS,40,COLLIN,85,,,0,,WHEAT,WHEAT - ACRES HARVESTED,TOTAL,NOT SPECIFIED,"19,200",
SURVEY,2005,YEAR,,COUNTY,TEXAS,48,BLACKLANDS,40,COLLIN,85,,,0,,WHEAT,WHEAT - ACRES HARVESTED,TOTAL,NOT SPECIFIED,"16,500",
SURVEY,2004,YEAR,,COUNTY,TEXAS,48,BLACKLANDS,40,COLLIN,85,,,0,,WHEAT,WHEAT - ACRES HARVESTED,TOTAL,NOT SPECIFIED,"27,000",
SURVEY,2003,YEAR,,COUNTY,TEXAS,48,BLACKLANDS,40,COLLIN,85,,,0,,WHEAT,WHEAT - ACRES HARVESTED,TOTAL,NOT SPECIFIED,"38,000",
SURVEY,2002,YEAR,,COUNTY,TEXAS,48,BLACKLANDS,40,COLLIN,85,,,0,,WHEAT,WHEAT - ACRES HARVESTED,TOTAL,NOT SPECIFIED,"49,500",
SURVEY,2001,YEAR,,COUNTY,TEXAS,48,BLACKLANDS,40,COLLIN,85,,,0,,WHEAT,WHEAT - ACRES HARVESTED,TOTAL,NOT SPECIFIED,"28,000",
SURVEY,2000,YEAR,,COUNTY,TEXAS,48,BLACKLANDS,40,COLLIN,85,,,0,,WHEAT,WHEAT - ACRES HARVESTED,TOTAL,NOT SPECIFIED,"63,000",
SURVEY,1999,YEAR,,COUNTY,TEXAS,48,BLACKLANDS,40,COLLIN,85,,,0,,WHEAT,WHEAT - ACRES HARVESTED,TOTAL,NOT SPECIFIED,"61,500",
SURVEY,1998,YEAR,,COUNTY,TEXAS,48,BLACKLANDS,40,COLLIN,85,,,0,,WHEAT,WHEAT - ACRES HARVESTED,TOTAL,NOT SPECIFIED,"70,300",
SURVEY,1997,YEAR,,COUNTY,TEXAS,48,BLACKLANDS,40,COLLIN,85,,,0,,WHEAT,WHEAT - ACRES HARVESTED,TOTAL,NOT SPECIFIED,"37,600",
SURVEY,1996,YEAR,,COUNTY,TEXAS,48,BLACKLANDS,40,COLLIN,85,,,0,,WHEAT,WHEAT - ACRES HARVESTED,TOTAL,NOT SPECIFIED,"48,800",
SURVEY,1995,YEAR,,COUNTY,TEXAS,48,BLACKLANDS,40,COLLIN,85,,,0,,WHEAT,WHEAT - ACRES HARVESTED,TOTAL,NOT SPECIFIED,"14,400",
SURVEY,2007,YEAR,,COUNTY,TEXAS,48,BLACKLANDS,40,COLLIN,85,,,0,,WHEAT,WHEAT - ACRES PLANTED,TOTAL,NOT SPECIFIED,"48,600",
SURVEY,2006,YEAR,,COUNTY,TEXAS,48,BLACKLANDS,40,COLLIN,85,,,0,,WHEAT,WHEAT - ACRES PLANTED,TOTAL,NOT SPECIFIED,"40,800",
SURVEY,2005,YEAR,,COUNTY,TEXAS,48,BLACKLANDS,40,COLLIN,85,,,0,,WHEAT,WHEAT - ACRES PLANTED,TOTAL,NOT SPECIFIED,"23,300",
SURVEY,2004,YEAR,,COUNTY,TEXAS,48,BLACKLANDS,40,COLLIN,85,,,0,,WHEAT,WHEAT - ACRES PLANTED,TOTAL,NOT SPECIFIED,"46,000",
SURVEY,2003,YEAR,,COUNTY,TEXAS,48,BLACKLANDS,40,COLLIN,85,,,0,,WHEAT,WHEAT - ACRES PLANTED,TOTAL,NOT SPECIFIED,"49,000",
SURVEY,2002,YEAR,,COUNTY,TEXAS,48,BLACKLANDS,40,COLLIN,85,,,0,,WHEAT,WHEAT - ACRES PLANTED,TOTAL,NOT SPECIFIED,"55,000",
SURVEY,2001,YEAR,,COUNTY,TEXAS,48,BLACKLANDS,40,COLLIN,85,,,0,,WHEAT,WHEAT - ACRES PLANTED,TOTAL,NOT SPECIFIED,"33,000",
SURVEY,2000,YEAR,,COUNTY,TEXAS,48,BLACKLANDS,40,COLLIN,85,,,0,,WHEAT,WHEAT - ACRES PLANTED,TOTAL,NOT SPECIFIED,"65,300",
SURVEY,1999,YEAR,,COUNTY,TEXAS,48,BLACKLANDS,40,COLLIN,85,,,0,,WHEAT,WHEAT - ACRES PLANTED,TOTAL,NOT SPECIFIED,"81,800",
SURVEY,1998,YEAR,,COUNTY,TEXAS,48,BLACKLANDS,40,COLLIN,85,,,0,,WHEAT,WHEAT - ACRES PLANTED,TOTAL,NOT SPECIFIED,"85,700",
SURVEY,1997,YEAR,,COUNTY,TEXAS,48,BLACKLANDS,40,COLLIN,85,,,0,,WHEAT,WHEAT - ACRES PLANTED,TOTAL,NOT SPECIFIED,"47,900",
SURVEY,1996,YEAR,,COUNTY,TEXAS,48,BLACKLANDS,40,COLLIN,85,,,0,,WHEAT,WHEAT - ACRES PLANTED,TOTAL,NOT SPECIFIED,"66,200",
SURVEY,1995,YEAR,,COUNTY,TEXAS,48,BLACKLANDS,40,COLLIN,85,,,0,,WHEAT,WHEAT - ACRES PLANTED,TOTAL,NOT SPECIFIED,"26,500",
SURVEY,2007,YEAR,,COUNTY,TEXAS,48,BLACKLANDS,40,COLLIN,85,,,0,,WHEAT,"WHEAT - PRODUCTION, MEASURED IN BU",TOTAL,NOT SPECIFIED,"999,000",
SURVEY,2006,YEAR,,COUNTY,TEXAS,48,BLACKLANDS,40,COLLIN,85,,,0,,WHEAT,"WHEAT - PRODUCTION, MEASURED IN BU",TOTAL,NOT SPECIFIED,"593,000",
SURVEY,2005,YEAR,,COUNTY,TEXAS,48,BLACKLANDS,40,COLLIN,85,,,0,,WHEAT,"WHEAT - PRODUCTION, MEASURED IN BU",TOTAL,NOT SPECIFIED,"667,000",
SURVEY,2004,YEAR,,COUNTY,TEXAS,48,BLACKLANDS,40,COLLIN,85,,,0,,WHEAT,"WHEAT - PRODUCTION, MEASURED IN BU",TOTAL,NOT SPECIFIED,"1,220,000",
SURVEY,2003,YEAR,,COUNTY,TEXAS,48,BLACKLANDS,40,COLLIN,85,,,0,,WHEAT,"WHEAT - PRODUCTION, MEASURED IN BU",TOTAL,NOT SPECIFIED,"1,700,000",
SURVEY,2002,YEAR,,COUNTY,TEXAS,48,BLACKLANDS,40,COLLIN,85,,,0,,WHEAT,"WHEAT - PRODUCTION, MEASURED IN BU",TOTAL,NOT SPECIFIED,"2,280,000",
SURVEY,2001,YEAR,,COUNTY,TEXAS,48,BLACKLANDS,40,COLLIN,85,,,0,,WHEAT,"WHEAT - PRODUCTION, MEASURED IN BU",TOTAL,NOT SPECIFIED,"1,050,000",
SURVEY,2000,YEAR,,COUNTY,TEXAS,48,BLACKLANDS,40,COLLIN,85,,,0,,WHEAT,"WHEAT - PRODUCTION, MEASURED IN BU",TOTAL,NOT SPECIFIED,"2,696,000",
SURVEY,1999,YEAR,,COUNTY,TEXAS,48,BLACKLANDS,40,COLLIN,85,,,0,,WHEAT,"WHEAT - PRODUCTION, MEASURED IN BU",TOTAL,NOT SPECIFIED,"3,459,000",
SURVEY,1998,YEAR,,COUNTY,TEXAS,48,BLACKLANDS,40,COLLIN,85,,,0,,WHEAT,"WHEAT - PRODUCTION, MEASURED IN BU",TOTAL,NOT SPECIFIED,"4,109,000",
SURVEY,1997,YEAR,,COUNTY,TEXAS,48,BLACKLANDS,40,COLLIN,85,,,0,,WHEAT,"WHEAT - PRODUCTION, MEASURED IN BU",TOTAL,NOT SPECIFIED,"1,389,000",
SURVEY,1996,YEAR,,COUNTY,TEXAS,48,BLACKLANDS,40,COLLIN,85,,,0,,WHEAT,"WHEAT - PRODUCTION, MEASURED IN BU",TOTAL,NOT SPECIFIED,"2,113,000",
SURVEY,1995,YEAR,,COUNTY,TEXAS,48,BLACKLANDS,40,COLLIN,85,,,0,,WHEAT,"WHEAT - PRODUCTION, MEASURED IN BU",TOTAL,NOT SPECIFIED,"505,000",
SURVEY,2007,YEAR,,COUNTY,TEXAS,48,BLACKLANDS,40,COLLIN,85,,,0,,WHEAT,"WHEAT - YIELD, MEASURED IN BU / ACRE",TOTAL,NOT SPECIFIED,31,
SURVEY,2006,YEAR,,COUNTY,TEXAS,48,BLACKLANDS,40,COLLIN,85,,,0,,WHEAT,"WHEAT - YIELD, MEASURED IN BU / ACRE",TOTAL,NOT SPECIFIED,31,
SURVEY,2005,YEAR,,COUNTY,TEXAS,48,BLACKLANDS,40,COLLIN,85,,,0,,WHEAT,"WHEAT - YIELD, MEASURED IN BU / ACRE",TOTAL,NOT SPECIFIED,40.4,
SURVEY,2004,YEAR,,COUNTY,TEXAS,48,BLACKLANDS,40,COLLIN,85,,,0,,WHEAT,"WHEAT - YIELD, MEASURED IN BU / ACRE",TOTAL,NOT SPECIFIED,45.2,
SURVEY,2003,YEAR,,COUNTY,TEXAS,48,BLACKLANDS,40,COLLIN,85,,,0,,WHEAT,"WHEAT - YIELD, MEASURED IN BU / ACRE",TOTAL,NOT SPECIFIED,44.7,
SURVEY,2002,YEAR,,COUNTY,TEXAS,48,BLACKLANDS,40,COLLIN,85,,,0,,WHEAT,"WHEAT - YIELD, MEASURED IN BU / ACRE",TOTAL,NOT SPECIFIED,46.1,
SURVEY,2001,YEAR,,COUNTY,TEXAS,48,BLACKLANDS,40,COLLIN,85,,,0,,WHEAT,"WHEAT - YIELD, MEASURED IN BU / ACRE",TOTAL,NOT SPECIFIED,37.5,
SURVEY,2000,YEAR,,COUNTY,TEXAS,48,BLACKLANDS,40,COLLIN,85,,,0,,WHEAT,"WHEAT - YIELD, MEASURED IN BU / ACRE",TOTAL,NOT SPECIFIED,42.8,
SURVEY,1999,YEAR,,COUNTY,TEXAS,48,BLACKLANDS,40,COLLIN,85,,,0,,WHEAT,"WHEAT - YIELD, MEASURED IN BU / ACRE",TOTAL,NOT SPECIFIED,56.2,
SURVEY,1998,YEAR,,COUNTY,TEXAS,48,BLACKLANDS,40,COLLIN,85,,,0,,WHEAT,"WHEAT - YIELD, MEASURED IN BU / ACRE",TOTAL,NOT SPECIFIED,58.4,
SURVEY,1997,YEAR,,COUNTY,TEXAS,48,BLACKLANDS,40,COLLIN,85,,,0,,WHEAT,"WHEAT - YIELD, MEASURED IN BU / ACRE",TOTAL,NOT SPECIFIED,36.9,
SURVEY,1996,YEAR,,COUNTY,TEXAS,48,BLACKLANDS,40,COLLIN,85,,,0,,WHEAT,"WHEAT - YIELD, MEASURED IN BU / ACRE",TOTAL,NOT SPECIFIED,43.3,
SURVEY,1995,YEAR,,COUNTY,TEXAS,48,BLACKLANDS,40,COLLIN,85,,,0,,WHEAT,"WHEAT - YIELD, MEASURED IN BU / ACRE",TOTAL,NOT SPECIFIED,35.1,
SURVEY,1999,YEAR,,COUNTY,TEXAS,48,BLACKLANDS,40,COLLIN,85,,,0,,WHEAT,"WHEAT, IRRIGATED - ACRES HARVESTED",TOTAL,NOT SPECIFIED,"1,700",
SURVEY,1999,YEAR,,COUNTY,TEXAS,48,BLACKLANDS,40,COLLIN,85,,,0,,WHEAT,"WHEAT, IRRIGATED - ACRES PLANTED",TOTAL,NOT SPECIFIED,"1,900",
SURVEY,1999,YEAR,,COUNTY,TEXAS,48,BLACKLANDS,40,COLLIN,85,,,0,,WHEAT,"WHEAT, IRRIGATED - PRODUCTION, MEASURED IN BU",TOTAL,NOT SPECIFIED,"100,000",
SURVEY,1999,YEAR,,COUNTY,TEXAS,48,BLACKLANDS,40,COLLIN,85,,,0,,WHEAT,"WHEAT, IRRIGATED - YIELD, MEASURED IN BU / ACRE",TOTAL,NOT SPECIFIED,58.8,
SURVEY,2006,YEAR,,COUNTY,TEXAS,48,BLACKLANDS,40,COLLIN,85,,,0,,WHEAT,"WHEAT, NON-IRRIGATED - ACRES HARVESTED",TOTAL,NOT SPECIFIED,"19,200",
SURVEY,2004,YEAR,,COUNTY,TEXAS,48,BLACKLANDS,40,COLLIN,85,,,0,,WHEAT,"WHEAT, NON-IRRIGATED - ACRES HARVESTED",TOTAL,NOT SPECIFIED,"27,000",
SURVEY,2003,YEAR,,COUNTY,TEXAS,48,BLACKLANDS,40,COLLIN,85,,,0,,WHEAT,"WHEAT, NON-IRRIGATED - ACRES HARVESTED",TOTAL,NOT SPECIFIED,"38,000",
SURVEY,2002,YEAR,,COUNTY,TEXAS,48,BLACKLANDS,40,COLLIN,85,,,0,,WHEAT,"WHEAT, NON-IRRIGATED - ACRES HARVESTED",TOTAL,NOT SPECIFIED,"49,500",
SURVEY,2001,YEAR,,COUNTY,TEXAS,48,BLACKLANDS,40,COLLIN,85,,,0,,WHEAT,"WHEAT, NON-IRRIGATED - ACRES HARVESTED",TOTAL,NOT SPECIFIED,"28,000",
SURVEY,2000,YEAR,,COUNTY,TEXAS,48,BLACKLANDS,40,COLLIN,85,,,0,,WHEAT,"WHEAT, NON-IRRIGATED - ACRES HARVESTED",TOTAL,NOT SPECIFIED,"63,000",
SURVEY,1999,YEAR,,COUNTY,TEXAS,48,BLACKLANDS,40,COLLIN,85,,,0,,WHEAT,"WHEAT, NON-IRRIGATED - ACRES HARVESTED",TOTAL,NOT SPECIFIED,"59,800",
SURVEY,1998,YEAR,,COUNTY,TEXAS,48,BLACKLANDS,40,COLLIN,85,,,0,,WHEAT,"WHEAT, NON-IRRIGATED - ACRES HARVESTED",TOTAL,NOT SPECIFIED,"70,300",
SURVEY,1997,YEAR,,COUNTY,TEXAS,48,BLACKLANDS,40,COLLIN,85,,,0,,WHEAT,"WHEAT, NON-IRRIGATED - ACRES HARVESTED",TOTAL,NOT SPECIFIED,"37,600",
SURVEY,1996,YEAR,,COUNTY,TEXAS,48,BLACKLANDS,40,COLLIN,85,,,0,,WHEAT,"WHEAT, NON-IRRIGATED - ACRES HARVESTED",TOTAL,NOT SPECIFIED,"48,800",
SURVEY,1995,YEAR,,COUNTY,TEXAS,48,BLACKLANDS,40,COLLIN,85,,,0,,WHEAT,"WHEAT, NON-IRRIGATED - ACRES HARVESTED",TOTAL,NOT SPECIFIED,"14,400",
SURVEY,2006,YEAR,,COUNTY,TEXAS,48,BLACKLANDS,40,COLLIN,85,,,0,,WHEAT,"WHEAT, NON-IRRIGATED - ACRES PLANTED",TOTAL,NOT SPECIFIED,"40,800",
SURVEY,2004,YEAR,,COUNTY,TEXAS,48,BLACKLANDS,40,COLLIN,85,,,0,,WHEAT,"WHEAT, NON-IRRIGATED - ACRES PLANTED",TOTAL,NOT SPECIFIED,"46,000",
SURVEY,2003,YEAR,,COUNTY,TEXAS,48,BLACKLANDS,40,COLLIN,85,,,0,,WHEAT,"WHEAT, NON-IRRIGATED - ACRES PLANTED",TOTAL,NOT SPECIFIED,"49,000",
SURVEY,2002,YEAR,,COUNTY,TEXAS,48,BLACKLANDS,40,COLLIN,85,,,0,,WHEAT,"WHEAT, NON-IRRIGATED - ACRES PLANTED",TOTAL,NOT SPECIFIED,"55,000",
SURVEY,2001,YEAR,,COUNTY,TEXAS,48,BLACKLANDS,40,COLLIN,85,,,0,,WHEAT,"WHEAT, NON-IRRIGATED - ACRES PLANTED",TOTAL,NOT SPECIFIED,"33,000",
SURVEY,2000,YEAR,,COUNTY,TEXAS,48,BLACKLANDS,40,COLLIN,85,,,0,,WHEAT,"WHEAT, NON-IRRIGATED - ACRES PLANTED",TOTAL,NOT SPECIFIED,"65,300",
SURVEY,1999,YEAR,,COUNTY,TEXAS,48,BLACKLANDS,40,COLLIN,85,,,0,,WHEAT,"WHEAT, NON-IRRIGATED - ACRES PLANTED",TOTAL,NOT SPECIFIED,"79,900",
SURVEY,1998,YEAR,,COUNTY,TEXAS,48,BLACKLANDS,40,COLLIN,85,,,0,,WHEAT,"WHEAT, NON-IRRIGATED - ACRES PLANTED",TOTAL,NOT SPECIFIED,"85,700",
SURVEY,1997,YEAR,,COUNTY,TEXAS,48,BLACKLANDS,40,COLLIN,85,,,0,,WHEAT,"WHEAT, NON-IRRIGATED - ACRES PLANTED",TOTAL,NOT SPECIFIED,"47,900",
SURVEY,1996,YEAR,,COUNTY,TEXAS,48,BLACKLANDS,40,COLLIN,85,,,0,,WHEAT,"WHEAT, NON-IRRIGATED - ACRES PLANTED",TOTAL,NOT SPECIFIED,"66,200",
SURVEY,1995,YEAR,,COUNTY,TEXAS,48,BLACKLANDS,40,COLLIN,85,,,0,,WHEAT,"WHEAT, NON-IRRIGATED - ACRES PLANTED",TOTAL,NOT SPECIFIED,"26,500",
SURVEY,2006,YEAR,,COUNTY,TEXAS,48,BLACKLANDS,40,COLLIN,85,,,0,,WHEAT,"WHEAT, NON-IRRIGATED - PRODUCTION, MEASURED IN BU",TOTAL,NOT SPECIFIED,"593,000",
SURVEY,2004,YEAR,,COUNTY,TEXAS,48,BLACKLANDS,40,COLLIN,85,,,0,,WHEAT,"WHEAT, NON-IRRIGATED - PRODUCTION, MEASURED IN BU",TOTAL,NOT SPECIFIED,"1,220,000",
SURVEY,2003,YEAR,,COUNTY,TEXAS,48,BLACKLANDS,40,COLLIN,85,,,0,,WHEAT,"WHEAT, NON-IRRIGATED - PRODUCTION, MEASURED IN BU",TOTAL,NOT SPECIFIED,"1,700,000",
SURVEY,2002,YEAR,,COUNTY,TEXAS,48,BLACKLANDS,40,COLLIN,85,,,0,,WHEAT,"WHEAT, NON-IRRIGATED - PRODUCTION, MEASURED IN BU",TOTAL,NOT SPECIFIED,"2,280,000",
SURVEY,2001,YEAR,,COUNTY,TEXAS,48,BLACKLANDS,40,COLLIN,85,,,0,,WHEAT,"WHEAT, NON-IRRIGATED - PRODUCTION, MEASURED IN BU",TOTAL,NOT SPECIFIED,"1,050,000",
SURVEY,2000,YEAR,,COUNTY,TEXAS,48,BLACKLANDS,40,COLLIN,85,,,0,,WHEAT,"WHEAT, NON-IRRIGATED - PRODUCTION, MEASURED IN BU",TOTAL,NOT SPECIFIED,"2,696,000",
SURVEY,1999,YEAR,,COUNTY,TEXAS,48,BLACKLANDS,40,COLLIN,85,,,0,,WHEAT,"WHEAT, NON-IRRIGATED - PRODUCTION, MEASURED IN BU",TOTAL,NOT SPECIFIED,"3,359,000",
SURVEY,1998,YEAR,,COUNTY,TEXAS,48,BLACKLANDS,40,COLLIN,85,,,0,,WHEAT,"WHEAT, NON-IRRIGATED - PRODUCTION, MEASURED IN BU",TOTAL,NOT SPECIFIED,"4,109,000",
SURVEY,1997,YEAR,,COUNTY,TEXAS,48,BLACKLANDS,40,COLLIN,85,,,0,,WHEAT,"WHEAT, NON-IRRIGATED - PRODUCTION, MEASURED IN BU",TOTAL,NOT SPECIFIED,"1,389,000",
SURVEY,1996,YEAR,,COUNTY,TEXAS,48,BLACKLANDS,40,COLLIN,85,,,0,,WHEAT,"WHEAT, NON-IRRIGATED - PRODUCTION, MEASURED IN BU",TOTAL,NOT SPECIFIED,"2,113,000",
SURVEY,1995,YEAR,,COUNTY,TEXAS,48,BLACKLANDS,40,COLLIN,85,,,0,,WHEAT,"WHEAT, NON-IRRIGATED - PRODUCTION, MEASURED IN BU",TOTAL,NOT SPECIFIED,"505,000",
SURVEY,2006,YEAR,,COUNTY,TEXAS,48,BLACKLANDS,40,COLLIN,85,,,0,,WHEAT,"WHEAT, NON-IRRIGATED - YIELD, MEASURED IN BU / ACRE",TOTAL,NOT SPECIFIED,31,
SURVEY,2004,YEAR,,COUNTY,TEXAS,48,BLACKLANDS,40,COLLIN,85,,,0,,WHEAT,"WHEAT, NON-IRRIGATED - YIELD, MEASURED IN BU / ACRE",TOTAL,NOT SPECIFIED,45.2,
SURVEY,2003,YEAR,,COUNTY,TEXAS,48,BLACKLANDS,40,COLLIN,85,,,0,,WHEAT,"WHEAT, NON-IRRIGATED - YIELD, MEASURED IN BU / ACRE",TOTAL,NOT SPECIFIED,44.7,
SURVEY,2002,YEAR,,COUNTY,TEXAS,48,BLACKLANDS,40,COLLIN,85,,,0,,WHEAT,"WHEAT, NON-IRRIGATED - YIELD, MEASURED IN BU / ACRE",TOTAL,NOT SPECIFIED,46.1,
SURVEY,2001,YEAR,,COUNTY,TEXAS,48,BLACKLANDS,40,COLLIN,85,,,0,,WHEAT,"WHEAT, NON-IRRIGATED - YIELD, MEASURED IN BU / ACRE",TOTAL,NOT SPECIFIED,37.5,
SURVEY,2000,YEAR,,COUNTY,TEXAS,48,BLACKLANDS,40,COLLIN,85,,,0,,WHEAT,"WHEAT, NON-IRRIGATED - YIELD, MEASURED IN BU / ACRE",TOTAL,NOT SPECIFIED,42.8,
SURVEY,1999,YEAR,,COUNTY,TEXAS,48,BLACKLANDS,40,COLLIN,85,,,0,,WHEAT,"WHEAT, NON-IRRIGATED - YIELD, MEASURED IN BU / ACRE",TOTAL,NOT SPECIFIED,56.2,
SURVEY,1998,YEAR,,COUNTY,TEXAS,48,BLACKLANDS,40,COLLIN,85,,,0,,WHEAT,"WHEAT, NON-IRRIGATED - YIELD, MEASURED IN BU / ACRE",TOTAL,NOT SPECIFIED,58.4,
SURVEY,1997,YEAR,,COUNTY,TEXAS,48,BLACKLANDS,40,COLLIN,85,,,0,,WHEAT,"WHEAT, NON-IRRIGATED - YIELD, MEASURED IN BU / ACRE",TOTAL,NOT SPECIFIED,36.9,
SURVEY,1996,YEAR,,COUNTY,TEXAS,48,BLACKLANDS,40,COLLIN,85,,,0,,WHEAT,"WHEAT, NON-IRRIGATED - YIELD, MEASURED IN BU / ACRE",TOTAL,NOT SPECIFIED,43.3,
SURVEY,1995,YEAR,,COUNTY,TEXAS,48,BLACKLANDS,40,COLLIN,85,,,0,,WHEAT,"WHEAT, NON-IRRIGATED - YIELD, MEASURED IN BU / ACRE",TOTAL,NOT SPECIFIED,35.1,
